DATAFLOW,LAST UPDATE,freq,indic_de,geo,TIME_PERIOD,OBS_VALUE,OBS_FLAG
ESTAT:TPS00029(1.0),14/04/23 23:00:00,A,DEATH_NR,AD,2010,239,
ESTAT:TPS00029(1.0),14/04/23 23:00:00,A,DEATH_NR,AD,2012,303,
ESTAT:TPS00029(1.0),14/04/23 23:00:00,A,DEATH_NR,AD,2016,310,
ESTAT:TPS00029(1.0),14/04/23 23:00:00,A,DEATH_NR,AD,2018,335,
ESTAT:TPS00029(1.0),14/04/23 23:00:00,A,DEATH_NR,AD,2019,301,
ESTAT:TPS00029(1.0),14/04/23 23:00:00,A,DEATH_NR,AD,2021,386,
ESTAT:TPS00029(1.0),14/04/23 23:00:00,A,DEATH_NR,AL,2010,20107,
ESTAT:TPS00029(1.0),14/04/23 23:00:00,A,DEATH_NR,AL,2011,20012,
ESTAT:TPS00029(1.0),14/04/23 23:00:00,A,DEATH_NR,AL,2012,20870,
ESTAT:TPS00029(1.0),14/04/23 23:00:00,A,DEATH_NR,AL,2013,20442,
ESTAT:TPS00029(1.0),14/04/23 23:00:00,A,DEATH_NR,AL,2014,20656,
ESTAT:TPS00029(1.0),14/04/23 23:00:00,A,DEATH_NR,AL,2015,22418,
ESTAT:TPS00029(1.0),14/04/23 23:00:00,A,DEATH_NR,AL,2016,21388,
ESTAT:TPS00029(1.0),14/04/23 23:00:00,A,DEATH_NR,AL,2017,22232,
ESTAT:TPS00029(1.0),14/04/23 23:00:00,A,DEATH_NR,AL,2018,21804,
ESTAT:TPS00029(1.0),14/04/23 23:00:00,A,DEATH_NR,AL,2019,21937,
ESTAT:TPS00029(1.0),14/04/23 23:00:00,A,DEATH_NR,AL,2020,27605,
ESTAT:TPS00029(1.0),14/04/23 23:00:00,A,DEATH_NR,AL,2021,30507,
ESTAT:TPS00029(1.0),14/04/23 23:00:00,A,DEATH_NR,AM,2010,27921,
ESTAT:TPS00029(1.0),14/04/23 23:00:00,A,DEATH_NR,AM,2011,27963,
ESTAT:TPS00029(1.0),14/04/23 23:00:00,A,DEATH_NR,AM,2013,27196,
ESTAT:TPS00029(1.0),14/04/23 23:00:00,A,DEATH_NR,AM,2014,27714,
ESTAT:TPS00029(1.0),14/04/23 23:00:00,A,DEATH_NR,AM,2015,27878,
ESTAT:TPS00029(1.0),14/04/23 23:00:00,A,DEATH_NR,AM,2016,28226,
ESTAT:TPS00029(1.0),14/04/23 23:00:00,A,DEATH_NR,AM,2017,27157,
ESTAT:TPS00029(1.0),14/04/23 23:00:00,A,DEATH_NR,AM,2018,25751,
ESTAT:TPS00029(1.0),14/04/23 23:00:00,A,DEATH_NR,AM,2019,26186,
ESTAT:TPS00029(1.0),14/04/23 23:00:00,A,DEATH_NR,AM,2020,36170,
ESTAT:TPS00029(1.0),14/04/23 23:00:00,A,DEATH_NR,AT,2010,77199,
ESTAT:TPS00029(1.0),14/04/23 23:00:00,A,DEATH_NR,AT,2011,76479,
ESTAT:TPS00029(1.0),14/04/23 23:00:00,A,DEATH_NR,AT,2012,79436,
ESTAT:TPS00029(1.0),14/04/23 23:00:00,A,DEATH_NR,AT,2013,79526,
ESTAT:TPS00029(1.0),14/04/23 23:00:00,A,DEATH_NR,AT,2014,78252,
ESTAT:TPS00029(1.0),14/04/23 23:00:00,A,DEATH_NR,AT,2015,83073,
ESTAT:TPS00029(1.0),14/04/23 23:00:00,A,DEATH_NR,AT,2016,80669,
ESTAT:TPS00029(1.0),14/04/23 23:00:00,A,DEATH_NR,AT,2017,83270,
ESTAT:TPS00029(1.0),14/04/23 23:00:00,A,DEATH_NR,AT,2018,83975,
ESTAT:TPS00029(1.0),14/04/23 23:00:00,A,DEATH_NR,AT,2019,83386,
ESTAT:TPS00029(1.0),14/04/23 23:00:00,A,DEATH_NR,AT,2020,91599,
ESTAT:TPS00029(1.0),14/04/23 23:00:00,A,DEATH_NR,AT,2021,91962,
ESTAT:TPS00029(1.0),14/04/23 23:00:00,A,DEATH_NR,AZ,2010,53580,
ESTAT:TPS00029(1.0),14/04/23 23:00:00,A,DEATH_NR,AZ,2011,53762,
ESTAT:TPS00029(1.0),14/04/23 23:00:00,A,DEATH_NR,AZ,2012,55017,
ESTAT:TPS00029(1.0),14/04/23 23:00:00,A,DEATH_NR,AZ,2013,54383,
ESTAT:TPS00029(1.0),14/04/23 23:00:00,A,DEATH_NR,AZ,2014,55648,
ESTAT:TPS00029(1.0),14/04/23 23:00:00,A,DEATH_NR,AZ,2015,54697,
ESTAT:TPS00029(1.0),14/04/23 23:00:00,A,DEATH_NR,AZ,2016,56648,
ESTAT:TPS00029(1.0),14/04/23 23:00:00,A,DEATH_NR,AZ,2017,57109,
ESTAT:TPS00029(1.0),14/04/23 23:00:00,A,DEATH_NR,AZ,2018,57250,
ESTAT:TPS00029(1.0),14/04/23 23:00:00,A,DEATH_NR,AZ,2019,55916,
ESTAT:TPS00029(1.0),14/04/23 23:00:00,A,DEATH_NR,AZ,2020,75647,
ESTAT:TPS00029(1.0),14/04/23 23:00:00,A,DEATH_NR,AZ,2021,76878,
ESTAT:TPS00029(1.0),14/04/23 23:00:00,A,DEATH_NR,BA,2010,35118,
ESTAT:TPS00029(1.0),14/04/23 23:00:00,A,DEATH_NR,BA,2011,35522,
ESTAT:TPS00029(1.0),14/04/23 23:00:00,A,DEATH_NR,BA,2012,35817,
ESTAT:TPS00029(1.0),14/04/23 23:00:00,A,DEATH_NR,BA,2013,35662,
ESTAT:TPS00029(1.0),14/04/23 23:00:00,A,DEATH_NR,BA,2014,34824,
ESTAT:TPS00029(1.0),14/04/23 23:00:00,A,DEATH_NR,BA,2016,35530,
ESTAT:TPS00029(1.0),14/04/23 23:00:00,A,DEATH_NR,BA,2017,36336,
ESTAT:TPS00029(1.0),14/04/23 23:00:00,A,DEATH_NR,BA,2018,37744,
ESTAT:TPS00029(1.0),14/04/23 23:00:00,A,DEATH_NR,BE,2010,105152,
ESTAT:TPS00029(1.0),14/04/23 23:00:00,A,DEATH_NR,BE,2011,104292,
ESTAT:TPS00029(1.0),14/04/23 23:00:00,A,DEATH_NR,BE,2012,109076,
ESTAT:TPS00029(1.0),14/04/23 23:00:00,A,DEATH_NR,BE,2013,109334,
ESTAT:TPS00029(1.0),14/04/23 23:00:00,A,DEATH_NR,BE,2014,104755,
ESTAT:TPS00029(1.0),14/04/23 23:00:00,A,DEATH_NR,BE,2015,110541,
ESTAT:TPS00029(1.0),14/04/23 23:00:00,A,DEATH_NR,BE,2016,108097,
ESTAT:TPS00029(1.0),14/04/23 23:00:00,A,DEATH_NR,BE,2017,109666,
ESTAT:TPS00029(1.0),14/04/23 23:00:00,A,DEATH_NR,BE,2018,110693,
ESTAT:TPS00029(1.0),14/04/23 23:00:00,A,DEATH_NR,BE,2019,108783,
ESTAT:TPS00029(1.0),14/04/23 23:00:00,A,DEATH_NR,BE,2020,126896,
ESTAT:TPS00029(1.0),14/04/23 23:00:00,A,DEATH_NR,BE,2021,112331,
ESTAT:TPS00029(1.0),14/04/23 23:00:00,A,DEATH_NR,BG,2010,110165,
ESTAT:TPS00029(1.0),14/04/23 23:00:00,A,DEATH_NR,BG,2011,108258,
ESTAT:TPS00029(1.0),14/04/23 23:00:00,A,DEATH_NR,BG,2012,109281,
ESTAT:TPS00029(1.0),14/04/23 23:00:00,A,DEATH_NR,BG,2013,104345,
ESTAT:TPS00029(1.0),14/04/23 23:00:00,A,DEATH_NR,BG,2014,108952,
ESTAT:TPS00029(1.0),14/04/23 23:00:00,A,DEATH_NR,BG,2015,110117,
ESTAT:TPS00029(1.0),14/04/23 23:00:00,A,DEATH_NR,BG,2016,107580,
ESTAT:TPS00029(1.0),14/04/23 23:00:00,A,DEATH_NR,BG,2017,109791,
ESTAT:TPS00029(1.0),14/04/23 23:00:00,A,DEATH_NR,BG,2018,108526,
ESTAT:TPS00029(1.0),14/04/23 23:00:00,A,DEATH_NR,BG,2019,108083,
ESTAT:TPS00029(1.0),14/04/23 23:00:00,A,DEATH_NR,BG,2020,124735,
ESTAT:TPS00029(1.0),14/04/23 23:00:00,A,DEATH_NR,BG,2021,148995,
ESTAT:TPS00029(1.0),14/04/23 23:00:00,A,DEATH_NR,BY,2010,137132,
ESTAT:TPS00029(1.0),14/04/23 23:00:00,A,DEATH_NR,BY,2011,135090,
ESTAT:TPS00029(1.0),14/04/23 23:00:00,A,DEATH_NR,BY,2012,126531,
ESTAT:TPS00029(1.0),14/04/23 23:00:00,A,DEATH_NR,BY,2013,125326,
ESTAT:TPS00029(1.0),14/04/23 23:00:00,A,DEATH_NR,BY,2014,121542,
ESTAT:TPS00029(1.0),14/04/23 23:00:00,A,DEATH_NR,BY,2015,120026,
ESTAT:TPS00029(1.0),14/04/23 23:00:00,A,DEATH_NR,BY,2016,119379,
ESTAT:TPS00029(1.0),14/04/23 23:00:00,A,DEATH_NR,BY,2017,119311,
ESTAT:TPS00029(1.0),14/04/23 23:00:00,A,DEATH_NR,BY,2018,120053,
ESTAT:TPS00029(1.0),14/04/23 23:00:00,A,DEATH_NR,BY,2019,120470,
ESTAT:TPS00029(1.0),14/04/23 23:00:00,A,DEATH_NR,CH,2010,62649,
ESTAT:TPS00029(1.0),14/04/23 23:00:00,A,DEATH_NR,CH,2011,62091,
ESTAT:TPS00029(1.0),14/04/23 23:00:00,A,DEATH_NR,CH,2012,64173,
ESTAT:TPS00029(1.0),14/04/23 23:00:00,A,DEATH_NR,CH,2013,64961,
ESTAT:TPS00029(1.0),14/04/23 23:00:00,A,DEATH_NR,CH,2014,63938,
ESTAT:TPS00029(1.0),14/04/23 23:00:00,A,DEATH_NR,CH,2015,67606,
ESTAT:TPS00029(1.0),14/04/23 23:00:00,A,DEATH_NR,CH,2016,64964,
ESTAT:TPS00029(1.0),14/04/23 23:00:00,A,DEATH_NR,CH,2017,66971,
ESTAT:TPS00029(1.0),14/04/23 23:00:00,A,DEATH_NR,CH,2018,67088,
ESTAT:TPS00029(1.0),14/04/23 23:00:00,A,DEATH_NR,CH,2019,67780,
ESTAT:TPS00029(1.0),14/04/23 23:00:00,A,DEATH_NR,CH,2020,76195,
ESTAT:TPS00029(1.0),14/04/23 23:00:00,A,DEATH_NR,CH,2021,71192,
ESTAT:TPS00029(1.0),14/04/23 23:00:00,A,DEATH_NR,CY,2010,5103,
ESTAT:TPS00029(1.0),14/04/23 23:00:00,A,DEATH_NR,CY,2011,5504,
ESTAT:TPS00029(1.0),14/04/23 23:00:00,A,DEATH_NR,CY,2012,5665,
ESTAT:TPS00029(1.0),14/04/23 23:00:00,A,DEATH_NR,CY,2013,5141,
ESTAT:TPS00029(1.0),14/04/23 23:00:00,A,DEATH_NR,CY,2014,5424,
ESTAT:TPS00029(1.0),14/04/23 23:00:00,A,DEATH_NR,CY,2015,5859,
ESTAT:TPS00029(1.0),14/04/23 23:00:00,A,DEATH_NR,CY,2016,5471,
ESTAT:TPS00029(1.0),14/04/23 23:00:00,A,DEATH_NR,CY,2017,5996,
ESTAT:TPS00029(1.0),14/04/23 23:00:00,A,DEATH_NR,CY,2018,5768,
ESTAT:TPS00029(1.0),14/04/23 23:00:00,A,DEATH_NR,CY,2019,6239,
ESTAT:TPS00029(1.0),14/04/23 23:00:00,A,DEATH_NR,CY,2020,6422,
ESTAT:TPS00029(1.0),14/04/23 23:00:00,A,DEATH_NR,CY,2021,7202,
ESTAT:TPS00029(1.0),14/04/23 23:00:00,A,DEATH_NR,CZ,2010,106844,
ESTAT:TPS00029(1.0),14/04/23 23:00:00,A,DEATH_NR,CZ,2011,106848,
ESTAT:TPS00029(1.0),14/04/23 23:00:00,A,DEATH_NR,CZ,2012,108189,
ESTAT:TPS00029(1.0),14/04/23 23:00:00,A,DEATH_NR,CZ,2013,109160,
ESTAT:TPS00029(1.0),14/04/23 23:00:00,A,DEATH_NR,CZ,2014,105665,
ESTAT:TPS00029(1.0),14/04/23 23:00:00,A,DEATH_NR,CZ,2015,111173,
ESTAT:TPS00029(1.0),14/04/23 23:00:00,A,DEATH_NR,CZ,2016,107750,
ESTAT:TPS00029(1.0),14/04/23 23:00:00,A,DEATH_NR,CZ,2017,111443,
ESTAT:TPS00029(1.0),14/04/23 23:00:00,A,DEATH_NR,CZ,2018,112920,
ESTAT:TPS00029(1.0),14/04/23 23:00:00,A,DEATH_NR,CZ,2019,112362,
ESTAT:TPS00029(1.0),14/04/23 23:00:00,A,DEATH_NR,CZ,2020,129289,
ESTAT:TPS00029(1.0),14/04/23 23:00:00,A,DEATH_NR,CZ,2021,139891,
ESTAT:TPS00029(1.0),14/04/23 23:00:00,A,DEATH_NR,DE,2010,858768,
ESTAT:TPS00029(1.0),14/04/23 23:00:00,A,DEATH_NR,DE,2011,852328,
ESTAT:TPS00029(1.0),14/04/23 23:00:00,A,DEATH_NR,DE,2012,869582,
ESTAT:TPS00029(1.0),14/04/23 23:00:00,A,DEATH_NR,DE,2013,893825,
ESTAT:TPS00029(1.0),14/04/23 23:00:00,A,DEATH_NR,DE,2014,868356,
ESTAT:TPS00029(1.0),14/04/23 23:00:00,A,DEATH_NR,DE,2015,925200,
ESTAT:TPS00029(1.0),14/04/23 23:00:00,A,DEATH_NR,DE,2016,910902,
ESTAT:TPS00029(1.0),14/04/23 23:00:00,A,DEATH_NR,DE,2017,932272,
ESTAT:TPS00029(1.0),14/04/23 23:00:00,A,DEATH_NR,DE,2018,954874,
ESTAT:TPS00029(1.0),14/04/23 23:00:00,A,DEATH_NR,DE,2019,939520,
ESTAT:TPS00029(1.0),14/04/23 23:00:00,A,DEATH_NR,DE,2020,985572,
ESTAT:TPS00029(1.0),14/04/23 23:00:00,A,DEATH_NR,DE,2021,1023687,
ESTAT:TPS00029(1.0),14/04/23 23:00:00,A,DEATH_NR,DK,2010,54368,
ESTAT:TPS00029(1.0),14/04/23 23:00:00,A,DEATH_NR,DK,2011,52516,
ESTAT:TPS00029(1.0),14/04/23 23:00:00,A,DEATH_NR,DK,2012,52325,
ESTAT:TPS00029(1.0),14/04/23 23:00:00,A,DEATH_NR,DK,2013,52470,
ESTAT:TPS00029(1.0),14/04/23 23:00:00,A,DEATH_NR,DK,2014,51340,
ESTAT:TPS00029(1.0),14/04/23 23:00:00,A,DEATH_NR,DK,2015,52555,
ESTAT:TPS00029(1.0),14/04/23 23:00:00,A,DEATH_NR,DK,2016,52824,
ESTAT:TPS00029(1.0),14/04/23 23:00:00,A,DEATH_NR,DK,2017,53261,
ESTAT:TPS00029(1.0),14/04/23 23:00:00,A,DEATH_NR,DK,2018,55232,
ESTAT:TPS00029(1.0),14/04/23 23:00:00,A,DEATH_NR,DK,2019,53958,
ESTAT:TPS00029(1.0),14/04/23 23:00:00,A,DEATH_NR,DK,2020,54645,
ESTAT:TPS00029(1.0),14/04/23 23:00:00,A,DEATH_NR,DK,2021,57152,
ESTAT:TPS00029(1.0),14/04/23 23:00:00,A,DEATH_NR,EA19,2010,3162030,
ESTAT:TPS00029(1.0),14/04/23 23:00:00,A,DEATH_NR,EA19,2011,3154503,
ESTAT:TPS00029(1.0),14/04/23 23:00:00,A,DEATH_NR,EA19,2012,3258137,
ESTAT:TPS00029(1.0),14/04/23 23:00:00,A,DEATH_NR,EA19,2013,3251031,
ESTAT:TPS00029(1.0),14/04/23 23:00:00,A,DEATH_NR,EA19,2014,3209109,
ESTAT:TPS00029(1.0),14/04/23 23:00:00,A,DEATH_NR,EA19,2015,3412516,
ESTAT:TPS00029(1.0),14/04/23 23:00:00,A,DEATH_NR,EA19,2016,3350011,
ESTAT:TPS00029(1.0),14/04/23 23:00:00,A,DEATH_NR,EA19,2017,3443923,
ESTAT:TPS00029(1.0),14/04/23 23:00:00,A,DEATH_NR,EA19,2018,3462649,
ESTAT:TPS00029(1.0),14/04/23 23:00:00,A,DEATH_NR,EA19,2019,3438580,
ESTAT:TPS00029(1.0),14/04/23 23:00:00,A,DEATH_NR,EA19,2020,3803323,
ESTAT:TPS00029(1.0),14/04/23 23:00:00,A,DEATH_NR,EA19,2021,3785411,
ESTAT:TPS00029(1.0),14/04/23 23:00:00,A,DEATH_NR,EA20,2021,3848123,
ESTAT:TPS00029(1.0),14/04/23 23:00:00,A,DEATH_NR,EE,2010,15790,
ESTAT:TPS00029(1.0),14/04/23 23:00:00,A,DEATH_NR,EE,2011,15244,
ESTAT:TPS00029(1.0),14/04/23 23:00:00,A,DEATH_NR,EE,2012,15450,
ESTAT:TPS00029(1.0),14/04/23 23:00:00,A,DEATH_NR,EE,2013,15244,
ESTAT:TPS00029(1.0),14/04/23 23:00:00,A,DEATH_NR,EE,2014,15484,
ESTAT:TPS00029(1.0),14/04/23 23:00:00,A,DEATH_NR,EE,2015,15243,
ESTAT:TPS00029(1.0),14/04/23 23:00:00,A,DEATH_NR,EE,2016,15392,
ESTAT:TPS00029(1.0),14/04/23 23:00:00,A,DEATH_NR,EE,2017,15543,
ESTAT:TPS00029(1.0),14/04/23 23:00:00,A,DEATH_NR,EE,2018,15751,
ESTAT:TPS00029(1.0),14/04/23 23:00:00,A,DEATH_NR,EE,2019,15401,
ESTAT:TPS00029(1.0),14/04/23 23:00:00,A,DEATH_NR,EE,2020,15811,
ESTAT:TPS00029(1.0),14/04/23 23:00:00,A,DEATH_NR,EE,2021,18587,
ESTAT:TPS00029(1.0),14/04/23 23:00:00,A,DEATH_NR,EL,2010,109084,
ESTAT:TPS00029(1.0),14/04/23 23:00:00,A,DEATH_NR,EL,2011,111099,
ESTAT:TPS00029(1.0),14/04/23 23:00:00,A,DEATH_NR,EL,2012,116668,
ESTAT:TPS00029(1.0),14/04/23 23:00:00,A,DEATH_NR,EL,2013,111794,
ESTAT:TPS00029(1.0),14/04/23 23:00:00,A,DEATH_NR,EL,2014,113740,
ESTAT:TPS00029(1.0),14/04/23 23:00:00,A,DEATH_NR,EL,2015,121183,
ESTAT:TPS00029(1.0),14/04/23 23:00:00,A,DEATH_NR,EL,2016,118788,
ESTAT:TPS00029(1.0),14/04/23 23:00:00,A,DEATH_NR,EL,2017,124501,
ESTAT:TPS00029(1.0),14/04/23 23:00:00,A,DEATH_NR,EL,2018,120296,
ESTAT:TPS00029(1.0),14/04/23 23:00:00,A,DEATH_NR,EL,2019,124965,
ESTAT:TPS00029(1.0),14/04/23 23:00:00,A,DEATH_NR,EL,2020,131047,
ESTAT:TPS00029(1.0),14/04/23 23:00:00,A,DEATH_NR,EL,2021,143923,
ESTAT:TPS00029(1.0),14/04/23 23:00:00,A,DEATH_NR,ES,2010,380234,
ESTAT:TPS00029(1.0),14/04/23 23:00:00,A,DEATH_NR,ES,2011,386017,
ESTAT:TPS00029(1.0),14/04/23 23:00:00,A,DEATH_NR,ES,2012,401122,
ESTAT:TPS00029(1.0),14/04/23 23:00:00,A,DEATH_NR,ES,2013,388600,
ESTAT:TPS00029(1.0),14/04/23 23:00:00,A,DEATH_NR,ES,2014,393734,
ESTAT:TPS00029(1.0),14/04/23 23:00:00,A,DEATH_NR,ES,2015,420408,
ESTAT:TPS00029(1.0),14/04/23 23:00:00,A,DEATH_NR,ES,2016,408231,
ESTAT:TPS00029(1.0),14/04/23 23:00:00,A,DEATH_NR,ES,2017,422037,
ESTAT:TPS00029(1.0),14/04/23 23:00:00,A,DEATH_NR,ES,2018,425153,
ESTAT:TPS00029(1.0),14/04/23 23:00:00,A,DEATH_NR,ES,2019,416102,
ESTAT:TPS00029(1.0),14/04/23 23:00:00,A,DEATH_NR,ES,2020,492447,
ESTAT:TPS00029(1.0),14/04/23 23:00:00,A,DEATH_NR,ES,2021,449149,
ESTAT:TPS00029(1.0),14/04/23 23:00:00,A,DEATH_NR,EU27_2020,2010,4344647,
ESTAT:TPS00029(1.0),14/04/23 23:00:00,A,DEATH_NR,EU27_2020,2011,4318817,
ESTAT:TPS00029(1.0),14/04/23 23:00:00,A,DEATH_NR,EU27_2020,2012,4441347,
ESTAT:TPS00029(1.0),14/04/23 23:00:00,A,DEATH_NR,EU27_2020,2013,4419258,
ESTAT:TPS00029(1.0),14/04/23 23:00:00,A,DEATH_NR,EU27_2020,2014,4372607,
ESTAT:TPS00029(1.0),14/04/23 23:00:00,A,DEATH_NR,EU27_2020,2015,4620411,
ESTAT:TPS00029(1.0),14/04/23 23:00:00,A,DEATH_NR,EU27_2020,2016,4534200,
ESTAT:TPS00029(1.0),14/04/23 23:00:00,A,DEATH_NR,EU27_2020,2017,4660917,
ESTAT:TPS00029(1.0),14/04/23 23:00:00,A,DEATH_NR,EU27_2020,2018,4694628,
ESTAT:TPS00029(1.0),14/04/23 23:00:00,A,DEATH_NR,EU27_2020,2019,4653033,
ESTAT:TPS00029(1.0),14/04/23 23:00:00,A,DEATH_NR,EU27_2020,2020,5184078,
ESTAT:TPS00029(1.0),14/04/23 23:00:00,A,DEATH_NR,EU27_2020,2021,5297294,
ESTAT:TPS00029(1.0),14/04/23 23:00:00,A,DEATH_NR,FI,2010,50887,
ESTAT:TPS00029(1.0),14/04/23 23:00:00,A,DEATH_NR,FI,2011,50585,
ESTAT:TPS00029(1.0),14/04/23 23:00:00,A,DEATH_NR,FI,2012,51707,
ESTAT:TPS00029(1.0),14/04/23 23:00:00,A,DEATH_NR,FI,2013,51472,
ESTAT:TPS00029(1.0),14/04/23 23:00:00,A,DEATH_NR,FI,2014,52186,
ESTAT:TPS00029(1.0),14/04/23 23:00:00,A,DEATH_NR,FI,2015,52492,
ESTAT:TPS00029(1.0),14/04/23 23:00:00,A,DEATH_NR,FI,2016,53923,
ESTAT:TPS00029(1.0),14/04/23 23:00:00,A,DEATH_NR,FI,2017,53722,
ESTAT:TPS00029(1.0),14/04/23 23:00:00,A,DEATH_NR,FI,2018,54527,
ESTAT:TPS00029(1.0),14/04/23 23:00:00,A,DEATH_NR,FI,2019,53949,
ESTAT:TPS00029(1.0),14/04/23 23:00:00,A,DEATH_NR,FI,2020,55488,
ESTAT:TPS00029(1.0),14/04/23 23:00:00,A,DEATH_NR,FI,2021,57659,
ESTAT:TPS00029(1.0),14/04/23 23:00:00,A,DEATH_NR,FR,2010,551369,
ESTAT:TPS00029(1.0),14/04/23 23:00:00,A,DEATH_NR,FR,2011,545221,
ESTAT:TPS00029(1.0),14/04/23 23:00:00,A,DEATH_NR,FR,2012,569986,
ESTAT:TPS00029(1.0),14/04/23 23:00:00,A,DEATH_NR,FR,2013,569365,
ESTAT:TPS00029(1.0),14/04/23 23:00:00,A,DEATH_NR,FR,2014,559435,
ESTAT:TPS00029(1.0),14/04/23 23:00:00,A,DEATH_NR,FR,2015,593807,
ESTAT:TPS00029(1.0),14/04/23 23:00:00,A,DEATH_NR,FR,2016,594005,
ESTAT:TPS00029(1.0),14/04/23 23:00:00,A,DEATH_NR,FR,2017,606410,
ESTAT:TPS00029(1.0),14/04/23 23:00:00,A,DEATH_NR,FR,2018,609747,
ESTAT:TPS00029(1.0),14/04/23 23:00:00,A,DEATH_NR,FR,2019,613388,
ESTAT:TPS00029(1.0),14/04/23 23:00:00,A,DEATH_NR,FR,2020,669064,
ESTAT:TPS00029(1.0),14/04/23 23:00:00,A,DEATH_NR,FR,2021,661779,
ESTAT:TPS00029(1.0),14/04/23 23:00:00,A,DEATH_NR,FX,2010,540469,
ESTAT:TPS00029(1.0),14/04/23 23:00:00,A,DEATH_NR,FX,2011,534795,
ESTAT:TPS00029(1.0),14/04/23 23:00:00,A,DEATH_NR,FX,2012,559227,
ESTAT:TPS00029(1.0),14/04/23 23:00:00,A,DEATH_NR,FX,2013,561000,e
ESTAT:TPS00029(1.0),14/04/23 23:00:00,A,DEATH_NR,GE,2010,47864,
ESTAT:TPS00029(1.0),14/04/23 23:00:00,A,DEATH_NR,GE,2011,49818,
ESTAT:TPS00029(1.0),14/04/23 23:00:00,A,DEATH_NR,GE,2013,48553,
ESTAT:TPS00029(1.0),14/04/23 23:00:00,A,DEATH_NR,GE,2014,49087,
ESTAT:TPS00029(1.0),14/04/23 23:00:00,A,DEATH_NR,GE,2015,49121,
ESTAT:TPS00029(1.0),14/04/23 23:00:00,A,DEATH_NR,GE,2016,50771,
ESTAT:TPS00029(1.0),14/04/23 23:00:00,A,DEATH_NR,GE,2017,47822,
ESTAT:TPS00029(1.0),14/04/23 23:00:00,A,DEATH_NR,GE,2018,46524,
ESTAT:TPS00029(1.0),14/04/23 23:00:00,A,DEATH_NR,GE,2019,46659,
ESTAT:TPS00029(1.0),14/04/23 23:00:00,A,DEATH_NR,GE,2020,50537,
ESTAT:TPS00029(1.0),14/04/23 23:00:00,A,DEATH_NR,GE,2021,59906,
ESTAT:TPS00029(1.0),14/04/23 23:00:00,A,DEATH_NR,HR,2010,52096,
ESTAT:TPS00029(1.0),14/04/23 23:00:00,A,DEATH_NR,HR,2011,51019,
ESTAT:TPS00029(1.0),14/04/23 23:00:00,A,DEATH_NR,HR,2012,51710,
ESTAT:TPS00029(1.0),14/04/23 23:00:00,A,DEATH_NR,HR,2013,50386,
ESTAT:TPS00029(1.0),14/04/23 23:00:00,A,DEATH_NR,HR,2014,50839,
ESTAT:TPS00029(1.0),14/04/23 23:00:00,A,DEATH_NR,HR,2015,54205,
ESTAT:TPS00029(1.0),14/04/23 23:00:00,A,DEATH_NR,HR,2016,51542,
ESTAT:TPS00029(1.0),14/04/23 23:00:00,A,DEATH_NR,HR,2017,53477,
ESTAT:TPS00029(1.0),14/04/23 23:00:00,A,DEATH_NR,HR,2018,52706,
ESTAT:TPS00029(1.0),14/04/23 23:00:00,A,DEATH_NR,HR,2019,51794,
ESTAT:TPS00029(1.0),14/04/23 23:00:00,A,DEATH_NR,HR,2020,57023,
ESTAT:TPS00029(1.0),14/04/23 23:00:00,A,DEATH_NR,HR,2021,62712,
ESTAT:TPS00029(1.0),14/04/23 23:00:00,A,DEATH_NR,HU,2010,130456,
ESTAT:TPS00029(1.0),14/04/23 23:00:00,A,DEATH_NR,HU,2011,128795,
ESTAT:TPS00029(1.0),14/04/23 23:00:00,A,DEATH_NR,HU,2012,129440,
ESTAT:TPS00029(1.0),14/04/23 23:00:00,A,DEATH_NR,HU,2013,126677,
ESTAT:TPS00029(1.0),14/04/23 23:00:00,A,DEATH_NR,HU,2014,126294,
ESTAT:TPS00029(1.0),14/04/23 23:00:00,A,DEATH_NR,HU,2015,131575,
ESTAT:TPS00029(1.0),14/04/23 23:00:00,A,DEATH_NR,HU,2016,127098,
ESTAT:TPS00029(1.0),14/04/23 23:00:00,A,DEATH_NR,HU,2017,131877,
ESTAT:TPS00029(1.0),14/04/23 23:00:00,A,DEATH_NR,HU,2018,131247,
ESTAT:TPS00029(1.0),14/04/23 23:00:00,A,DEATH_NR,HU,2019,129892,
ESTAT:TPS00029(1.0),14/04/23 23:00:00,A,DEATH_NR,HU,2020,141326,
ESTAT:TPS00029(1.0),14/04/23 23:00:00,A,DEATH_NR,HU,2021,156131,
ESTAT:TPS00029(1.0),14/04/23 23:00:00,A,DEATH_NR,IE,2010,27961,
ESTAT:TPS00029(1.0),14/04/23 23:00:00,A,DEATH_NR,IE,2011,28456,
ESTAT:TPS00029(1.0),14/04/23 23:00:00,A,DEATH_NR,IE,2012,29186,
ESTAT:TPS00029(1.0),14/04/23 23:00:00,A,DEATH_NR,IE,2013,29504,
ESTAT:TPS00029(1.0),14/04/23 23:00:00,A,DEATH_NR,IE,2014,29252,
ESTAT:TPS00029(1.0),14/04/23 23:00:00,A,DEATH_NR,IE,2015,30127,
ESTAT:TPS00029(1.0),14/04/23 23:00:00,A,DEATH_NR,IE,2016,30667,
ESTAT:TPS00029(1.0),14/04/23 23:00:00,A,DEATH_NR,IE,2017,30317,
ESTAT:TPS00029(1.0),14/04/23 23:00:00,A,DEATH_NR,IE,2018,31140,
ESTAT:TPS00029(1.0),14/04/23 23:00:00,A,DEATH_NR,IE,2019,30959,
ESTAT:TPS00029(1.0),14/04/23 23:00:00,A,DEATH_NR,IE,2020,32387,
ESTAT:TPS00029(1.0),14/04/23 23:00:00,A,DEATH_NR,IE,2021,34292,
ESTAT:TPS00029(1.0),14/04/23 23:00:00,A,DEATH_NR,IS,2010,2020,
ESTAT:TPS00029(1.0),14/04/23 23:00:00,A,DEATH_NR,IS,2011,1986,
ESTAT:TPS00029(1.0),14/04/23 23:00:00,A,DEATH_NR,IS,2012,1955,
ESTAT:TPS00029(1.0),14/04/23 23:00:00,A,DEATH_NR,IS,2013,2154,
ESTAT:TPS00029(1.0),14/04/23 23:00:00,A,DEATH_NR,IS,2014,2049,
ESTAT:TPS00029(1.0),14/04/23 23:00:00,A,DEATH_NR,IS,2015,2178,
ESTAT:TPS00029(1.0),14/04/23 23:00:00,A,DEATH_NR,IS,2016,2309,
ESTAT:TPS00029(1.0),14/04/23 23:00:00,A,DEATH_NR,IS,2017,2238,
ESTAT:TPS00029(1.0),14/04/23 23:00:00,A,DEATH_NR,IS,2018,2254,
ESTAT:TPS00029(1.0),14/04/23 23:00:00,A,DEATH_NR,IS,2019,2275,
ESTAT:TPS00029(1.0),14/04/23 23:00:00,A,DEATH_NR,IS,2020,2304,
ESTAT:TPS00029(1.0),14/04/23 23:00:00,A,DEATH_NR,IS,2021,2333,
ESTAT:TPS00029(1.0),14/04/23 23:00:00,A,DEATH_NR,IT,2010,587488,
ESTAT:TPS00029(1.0),14/04/23 23:00:00,A,DEATH_NR,IT,2011,593427,
ESTAT:TPS00029(1.0),14/04/23 23:00:00,A,DEATH_NR,IT,2012,612883,
ESTAT:TPS00029(1.0),14/04/23 23:00:00,A,DEATH_NR,IT,2013,600744,
ESTAT:TPS00029(1.0),14/04/23 23:00:00,A,DEATH_NR,IT,2014,598364,
ESTAT:TPS00029(1.0),14/04/23 23:00:00,A,DEATH_NR,IT,2015,647571,
ESTAT:TPS00029(1.0),14/04/23 23:00:00,A,DEATH_NR,IT,2016,615261,
ESTAT:TPS00029(1.0),14/04/23 23:00:00,A,DEATH_NR,IT,2017,649061,
ESTAT:TPS00029(1.0),14/04/23 23:00:00,A,DEATH_NR,IT,2018,633133,
ESTAT:TPS00029(1.0),14/04/23 23:00:00,A,DEATH_NR,IT,2019,634417,
ESTAT:TPS00029(1.0),14/04/23 23:00:00,A,DEATH_NR,IT,2020,740317,
ESTAT:TPS00029(1.0),14/04/23 23:00:00,A,DEATH_NR,IT,2021,701346,
ESTAT:TPS00029(1.0),14/04/23 23:00:00,A,DEATH_NR,LI,2010,238,
ESTAT:TPS00029(1.0),14/04/23 23:00:00,A,DEATH_NR,LI,2011,248,
ESTAT:TPS00029(1.0),14/04/23 23:00:00,A,DEATH_NR,LI,2012,224,
ESTAT:TPS00029(1.0),14/04/23 23:00:00,A,DEATH_NR,LI,2013,246,
ESTAT:TPS00029(1.0),14/04/23 23:00:00,A,DEATH_NR,LI,2014,268,
ESTAT:TPS00029(1.0),14/04/23 23:00:00,A,DEATH_NR,LI,2015,252,
ESTAT:TPS00029(1.0),14/04/23 23:00:00,A,DEATH_NR,LI,2016,271,
ESTAT:TPS00029(1.0),14/04/23 23:00:00,A,DEATH_NR,LI,2017,249,
ESTAT:TPS00029(1.0),14/04/23 23:00:00,A,DEATH_NR,LI,2018,274,
ESTAT:TPS00029(1.0),14/04/23 23:00:00,A,DEATH_NR,LI,2019,263,
ESTAT:TPS00029(1.0),14/04/23 23:00:00,A,DEATH_NR,LI,2020,319,
ESTAT:TPS00029(1.0),14/04/23 23:00:00,A,DEATH_NR,LI,2021,271,
ESTAT:TPS00029(1.0),14/04/23 23:00:00,A,DEATH_NR,LT,2010,42120,
ESTAT:TPS00029(1.0),14/04/23 23:00:00,A,DEATH_NR,LT,2011,41037,
ESTAT:TPS00029(1.0),14/04/23 23:00:00,A,DEATH_NR,LT,2012,40938,
ESTAT:TPS00029(1.0),14/04/23 23:00:00,A,DEATH_NR,LT,2013,41511,
ESTAT:TPS00029(1.0),14/04/23 23:00:00,A,DEATH_NR,LT,2014,40252,
ESTAT:TPS00029(1.0),14/04/23 23:00:00,A,DEATH_NR,LT,2015,41776,
ESTAT:TPS00029(1.0),14/04/23 23:00:00,A,DEATH_NR,LT,2016,41106,
ESTAT:TPS00029(1.0),14/04/23 23:00:00,A,DEATH_NR,LT,2017,40142,
ESTAT:TPS00029(1.0),14/04/23 23:00:00,A,DEATH_NR,LT,2018,39574,
ESTAT:TPS00029(1.0),14/04/23 23:00:00,A,DEATH_NR,LT,2019,38281,
ESTAT:TPS00029(1.0),14/04/23 23:00:00,A,DEATH_NR,LT,2020,43547,
ESTAT:TPS00029(1.0),14/04/23 23:00:00,A,DEATH_NR,LT,2021,47746,
ESTAT:TPS00029(1.0),14/04/23 23:00:00,A,DEATH_NR,LU,2010,3760,
ESTAT:TPS00029(1.0),14/04/23 23:00:00,A,DEATH_NR,LU,2011,3819,
ESTAT:TPS00029(1.0),14/04/23 23:00:00,A,DEATH_NR,LU,2012,3876,
ESTAT:TPS00029(1.0),14/04/23 23:00:00,A,DEATH_NR,LU,2013,3822,
ESTAT:TPS00029(1.0),14/04/23 23:00:00,A,DEATH_NR,LU,2014,3841,
ESTAT:TPS00029(1.0),14/04/23 23:00:00,A,DEATH_NR,LU,2015,3983,
ESTAT:TPS00029(1.0),14/04/23 23:00:00,A,DEATH_NR,LU,2016,3967,
ESTAT:TPS00029(1.0),14/04/23 23:00:00,A,DEATH_NR,LU,2017,4263,
ESTAT:TPS00029(1.0),14/04/23 23:00:00,A,DEATH_NR,LU,2018,4318,
ESTAT:TPS00029(1.0),14/04/23 23:00:00,A,DEATH_NR,LU,2019,4283,
ESTAT:TPS00029(1.0),14/04/23 23:00:00,A,DEATH_NR,LU,2020,4609,
ESTAT:TPS00029(1.0),14/04/23 23:00:00,A,DEATH_NR,LU,2021,4489,
ESTAT:TPS00029(1.0),14/04/23 23:00:00,A,DEATH_NR,LV,2010,30040,
ESTAT:TPS00029(1.0),14/04/23 23:00:00,A,DEATH_NR,LV,2011,28540,
ESTAT:TPS00029(1.0),14/04/23 23:00:00,A,DEATH_NR,LV,2012,29025,
ESTAT:TPS00029(1.0),14/04/23 23:00:00,A,DEATH_NR,LV,2013,28691,
ESTAT:TPS00029(1.0),14/04/23 23:00:00,A,DEATH_NR,LV,2014,28466,
ESTAT:TPS00029(1.0),14/04/23 23:00:00,A,DEATH_NR,LV,2015,28478,
ESTAT:TPS00029(1.0),14/04/23 23:00:00,A,DEATH_NR,LV,2016,28580,
ESTAT:TPS00029(1.0),14/04/23 23:00:00,A,DEATH_NR,LV,2017,28757,
ESTAT:TPS00029(1.0),14/04/23 23:00:00,A,DEATH_NR,LV,2018,28820,
ESTAT:TPS00029(1.0),14/04/23 23:00:00,A,DEATH_NR,LV,2019,27719,
ESTAT:TPS00029(1.0),14/04/23 23:00:00,A,DEATH_NR,LV,2020,28854,
ESTAT:TPS00029(1.0),14/04/23 23:00:00,A,DEATH_NR,LV,2021,34600,
ESTAT:TPS00029(1.0),14/04/23 23:00:00,A,DEATH_NR,MC,2015,289,e
ESTAT:TPS00029(1.0),14/04/23 23:00:00,A,DEATH_NR,MC,2016,298,e
ESTAT:TPS00029(1.0),14/04/23 23:00:00,A,DEATH_NR,MC,2018,253,e
ESTAT:TPS00029(1.0),14/04/23 23:00:00,A,DEATH_NR,MD,2010,43631,
ESTAT:TPS00029(1.0),14/04/23 23:00:00,A,DEATH_NR,MD,2011,39249,
ESTAT:TPS00029(1.0),14/04/23 23:00:00,A,DEATH_NR,MD,2012,39560,
ESTAT:TPS00029(1.0),14/04/23 23:00:00,A,DEATH_NR,MD,2013,38060,
ESTAT:TPS00029(1.0),14/04/23 23:00:00,A,DEATH_NR,MD,2014,39555,be
ESTAT:TPS00029(1.0),14/04/23 23:00:00,A,DEATH_NR,MD,2015,39848,e
ESTAT:TPS00029(1.0),14/04/23 23:00:00,A,DEATH_NR,MD,2016,38454,e
ESTAT:TPS00029(1.0),14/04/23 23:00:00,A,DEATH_NR,MD,2017,36820,ep
ESTAT:TPS00029(1.0),14/04/23 23:00:00,A,DEATH_NR,MD,2018,37307,e
ESTAT:TPS00029(1.0),14/04/23 23:00:00,A,DEATH_NR,MD,2019,36416,e
ESTAT:TPS00029(1.0),14/04/23 23:00:00,A,DEATH_NR,MD,2020,40656,
ESTAT:TPS00029(1.0),14/04/23 23:00:00,A,DEATH_NR,ME,2010,5633,
ESTAT:TPS00029(1.0),14/04/23 23:00:00,A,DEATH_NR,ME,2011,5847,
ESTAT:TPS00029(1.0),14/04/23 23:00:00,A,DEATH_NR,ME,2012,5922,
ESTAT:TPS00029(1.0),14/04/23 23:00:00,A,DEATH_NR,ME,2013,5917,
ESTAT:TPS00029(1.0),14/04/23 23:00:00,A,DEATH_NR,ME,2014,6014,
ESTAT:TPS00029(1.0),14/04/23 23:00:00,A,DEATH_NR,ME,2015,6329,
ESTAT:TPS00029(1.0),14/04/23 23:00:00,A,DEATH_NR,ME,2016,6464,
ESTAT:TPS00029(1.0),14/04/23 23:00:00,A,DEATH_NR,ME,2017,6523,
ESTAT:TPS00029(1.0),14/04/23 23:00:00,A,DEATH_NR,ME,2018,6504,
ESTAT:TPS00029(1.0),14/04/23 23:00:00,A,DEATH_NR,ME,2019,6595,
ESTAT:TPS00029(1.0),14/04/23 23:00:00,A,DEATH_NR,ME,2020,7293,
ESTAT:TPS00029(1.0),14/04/23 23:00:00,A,DEATH_NR,ME,2021,9152,
ESTAT:TPS00029(1.0),14/04/23 23:00:00,A,DEATH_NR,MK,2010,19113,
ESTAT:TPS00029(1.0),14/04/23 23:00:00,A,DEATH_NR,MK,2011,19465,
ESTAT:TPS00029(1.0),14/04/23 23:00:00,A,DEATH_NR,MK,2012,20134,
ESTAT:TPS00029(1.0),14/04/23 23:00:00,A,DEATH_NR,MK,2013,19208,e
ESTAT:TPS00029(1.0),14/04/23 23:00:00,A,DEATH_NR,MK,2014,19718,e
ESTAT:TPS00029(1.0),14/04/23 23:00:00,A,DEATH_NR,MK,2015,20461,e
ESTAT:TPS00029(1.0),14/04/23 23:00:00,A,DEATH_NR,MK,2016,20417,e
ESTAT:TPS00029(1.0),14/04/23 23:00:00,A,DEATH_NR,MK,2017,20318,e
ESTAT:TPS00029(1.0),14/04/23 23:00:00,A,DEATH_NR,MK,2018,19727,
ESTAT:TPS00029(1.0),14/04/23 23:00:00,A,DEATH_NR,MK,2019,20446,
ESTAT:TPS00029(1.0),14/04/23 23:00:00,A,DEATH_NR,MK,2020,25723,
ESTAT:TPS00029(1.0),14/04/23 23:00:00,A,DEATH_NR,MK,2021,28516,
ESTAT:TPS00029(1.0),14/04/23 23:00:00,A,DEATH_NR,MT,2010,3010,
ESTAT:TPS00029(1.0),14/04/23 23:00:00,A,DEATH_NR,MT,2011,3267,
ESTAT:TPS00029(1.0),14/04/23 23:00:00,A,DEATH_NR,MT,2012,3418,
ESTAT:TPS00029(1.0),14/04/23 23:00:00,A,DEATH_NR,MT,2013,3236,
ESTAT:TPS00029(1.0),14/04/23 23:00:00,A,DEATH_NR,MT,2014,3270,
ESTAT:TPS00029(1.0),14/04/23 23:00:00,A,DEATH_NR,MT,2015,3442,
ESTAT:TPS00029(1.0),14/04/23 23:00:00,A,DEATH_NR,MT,2016,3342,
ESTAT:TPS00029(1.0),14/04/23 23:00:00,A,DEATH_NR,MT,2017,3571,
ESTAT:TPS00029(1.0),14/04/23 23:00:00,A,DEATH_NR,MT,2018,3688,
ESTAT:TPS00029(1.0),14/04/23 23:00:00,A,DEATH_NR,MT,2019,3688,
ESTAT:TPS00029(1.0),14/04/23 23:00:00,A,DEATH_NR,MT,2020,4084,
ESTAT:TPS00029(1.0),14/04/23 23:00:00,A,DEATH_NR,MT,2021,4163,
ESTAT:TPS00029(1.0),14/04/23 23:00:00,A,DEATH_NR,NL,2010,136058,
ESTAT:TPS00029(1.0),14/04/23 23:00:00,A,DEATH_NR,NL,2011,135741,
ESTAT:TPS00029(1.0),14/04/23 23:00:00,A,DEATH_NR,NL,2012,140813,
ESTAT:TPS00029(1.0),14/04/23 23:00:00,A,DEATH_NR,NL,2013,141245,
ESTAT:TPS00029(1.0),14/04/23 23:00:00,A,DEATH_NR,NL,2014,139223,
ESTAT:TPS00029(1.0),14/04/23 23:00:00,A,DEATH_NR,NL,2015,147134,
ESTAT:TPS00029(1.0),14/04/23 23:00:00,A,DEATH_NR,NL,2016,148997,
ESTAT:TPS00029(1.0),14/04/23 23:00:00,A,DEATH_NR,NL,2017,150214,
ESTAT:TPS00029(1.0),14/04/23 23:00:00,A,DEATH_NR,NL,2018,153363,
ESTAT:TPS00029(1.0),14/04/23 23:00:00,A,DEATH_NR,NL,2019,151885,
ESTAT:TPS00029(1.0),14/04/23 23:00:00,A,DEATH_NR,NL,2020,168678,
ESTAT:TPS00029(1.0),14/04/23 23:00:00,A,DEATH_NR,NL,2021,170972,
ESTAT:TPS00029(1.0),14/04/23 23:00:00,A,DEATH_NR,NO,2010,41499,
ESTAT:TPS00029(1.0),14/04/23 23:00:00,A,DEATH_NR,NO,2011,41393,
ESTAT:TPS00029(1.0),14/04/23 23:00:00,A,DEATH_NR,NO,2012,41992,
ESTAT:TPS00029(1.0),14/04/23 23:00:00,A,DEATH_NR,NO,2013,41131,
ESTAT:TPS00029(1.0),14/04/23 23:00:00,A,DEATH_NR,NO,2014,40369,
ESTAT:TPS00029(1.0),14/04/23 23:00:00,A,DEATH_NR,NO,2015,40676,
ESTAT:TPS00029(1.0),14/04/23 23:00:00,A,DEATH_NR,NO,2016,40726,
ESTAT:TPS00029(1.0),14/04/23 23:00:00,A,DEATH_NR,NO,2017,40774,
ESTAT:TPS00029(1.0),14/04/23 23:00:00,A,DEATH_NR,NO,2018,40840,
ESTAT:TPS00029(1.0),14/04/23 23:00:00,A,DEATH_NR,NO,2019,40684,
ESTAT:TPS00029(1.0),14/04/23 23:00:00,A,DEATH_NR,NO,2020,40611,
ESTAT:TPS00029(1.0),14/04/23 23:00:00,A,DEATH_NR,NO,2021,42002,
ESTAT:TPS00029(1.0),14/04/23 23:00:00,A,DEATH_NR,PL,2010,378478,
ESTAT:TPS00029(1.0),14/04/23 23:00:00,A,DEATH_NR,PL,2011,375501,
ESTAT:TPS00029(1.0),14/04/23 23:00:00,A,DEATH_NR,PL,2012,384788,
ESTAT:TPS00029(1.0),14/04/23 23:00:00,A,DEATH_NR,PL,2013,387312,
ESTAT:TPS00029(1.0),14/04/23 23:00:00,A,DEATH_NR,PL,2014,376467,
ESTAT:TPS00029(1.0),14/04/23 23:00:00,A,DEATH_NR,PL,2015,394921,
ESTAT:TPS00029(1.0),14/04/23 23:00:00,A,DEATH_NR,PL,2016,388009,
ESTAT:TPS00029(1.0),14/04/23 23:00:00,A,DEATH_NR,PL,2017,402852,
ESTAT:TPS00029(1.0),14/04/23 23:00:00,A,DEATH_NR,PL,2018,414200,
ESTAT:TPS00029(1.0),14/04/23 23:00:00,A,DEATH_NR,PL,2019,409709,
ESTAT:TPS00029(1.0),14/04/23 23:00:00,A,DEATH_NR,PL,2020,477355,
ESTAT:TPS00029(1.0),14/04/23 23:00:00,A,DEATH_NR,PL,2021,519517,
ESTAT:TPS00029(1.0),14/04/23 23:00:00,A,DEATH_NR,PT,2010,105953,
ESTAT:TPS00029(1.0),14/04/23 23:00:00,A,DEATH_NR,PT,2011,102845,
ESTAT:TPS00029(1.0),14/04/23 23:00:00,A,DEATH_NR,PT,2012,107612,
ESTAT:TPS00029(1.0),14/04/23 23:00:00,A,DEATH_NR,PT,2013,106554,
ESTAT:TPS00029(1.0),14/04/23 23:00:00,A,DEATH_NR,PT,2014,104843,
ESTAT:TPS00029(1.0),14/04/23 23:00:00,A,DEATH_NR,PT,2015,108539,
ESTAT:TPS00029(1.0),14/04/23 23:00:00,A,DEATH_NR,PT,2016,110573,
ESTAT:TPS00029(1.0),14/04/23 23:00:00,A,DEATH_NR,PT,2017,109758,
ESTAT:TPS00029(1.0),14/04/23 23:00:00,A,DEATH_NR,PT,2018,113051,
ESTAT:TPS00029(1.0),14/04/23 23:00:00,A,DEATH_NR,PT,2019,111793,
ESTAT:TPS00029(1.0),14/04/23 23:00:00,A,DEATH_NR,PT,2020,123396,
ESTAT:TPS00029(1.0),14/04/23 23:00:00,A,DEATH_NR,PT,2021,124802,
ESTAT:TPS00029(1.0),14/04/23 23:00:00,A,DEATH_NR,RO,2010,259723,
ESTAT:TPS00029(1.0),14/04/23 23:00:00,A,DEATH_NR,RO,2011,251439,
ESTAT:TPS00029(1.0),14/04/23 23:00:00,A,DEATH_NR,RO,2012,255539,
ESTAT:TPS00029(1.0),14/04/23 23:00:00,A,DEATH_NR,RO,2013,247475,
ESTAT:TPS00029(1.0),14/04/23 23:00:00,A,DEATH_NR,RO,2014,254965,
ESTAT:TPS00029(1.0),14/04/23 23:00:00,A,DEATH_NR,RO,2015,262442,
ESTAT:TPS00029(1.0),14/04/23 23:00:00,A,DEATH_NR,RO,2016,258404,
ESTAT:TPS00029(1.0),14/04/23 23:00:00,A,DEATH_NR,RO,2017,262321,
ESTAT:TPS00029(1.0),14/04/23 23:00:00,A,DEATH_NR,RO,2018,264963,
ESTAT:TPS00029(1.0),14/04/23 23:00:00,A,DEATH_NR,RO,2019,259889,
ESTAT:TPS00029(1.0),14/04/23 23:00:00,A,DEATH_NR,RO,2020,298258,
ESTAT:TPS00029(1.0),14/04/23 23:00:00,A,DEATH_NR,RO,2021,335527,
ESTAT:TPS00029(1.0),14/04/23 23:00:00,A,DEATH_NR,RS,2010,103211,
ESTAT:TPS00029(1.0),14/04/23 23:00:00,A,DEATH_NR,RS,2011,102935,
ESTAT:TPS00029(1.0),14/04/23 23:00:00,A,DEATH_NR,RS,2012,102400,
ESTAT:TPS00029(1.0),14/04/23 23:00:00,A,DEATH_NR,RS,2013,100300,
ESTAT:TPS00029(1.0),14/04/23 23:00:00,A,DEATH_NR,RS,2014,101247,
ESTAT:TPS00029(1.0),14/04/23 23:00:00,A,DEATH_NR,RS,2015,103678,
ESTAT:TPS00029(1.0),14/04/23 23:00:00,A,DEATH_NR,RS,2016,100834,
ESTAT:TPS00029(1.0),14/04/23 23:00:00,A,DEATH_NR,RS,2017,103722,
ESTAT:TPS00029(1.0),14/04/23 23:00:00,A,DEATH_NR,RS,2018,101655,
ESTAT:TPS00029(1.0),14/04/23 23:00:00,A,DEATH_NR,RS,2019,101458,
ESTAT:TPS00029(1.0),14/04/23 23:00:00,A,DEATH_NR,RS,2020,116850,
ESTAT:TPS00029(1.0),14/04/23 23:00:00,A,DEATH_NR,RS,2021,136622,
ESTAT:TPS00029(1.0),14/04/23 23:00:00,A,DEATH_NR,RU,2010,2028516,
ESTAT:TPS00029(1.0),14/04/23 23:00:00,A,DEATH_NR,RU,2011,1925720,
ESTAT:TPS00029(1.0),14/04/23 23:00:00,A,DEATH_NR,RU,2013,1871809,
ESTAT:TPS00029(1.0),14/04/23 23:00:00,A,DEATH_NR,RU,2014,1878039,
ESTAT:TPS00029(1.0),14/04/23 23:00:00,A,DEATH_NR,SE,2010,90487,
ESTAT:TPS00029(1.0),14/04/23 23:00:00,A,DEATH_NR,SE,2011,89938,
ESTAT:TPS00029(1.0),14/04/23 23:00:00,A,DEATH_NR,SE,2012,91938,
ESTAT:TPS00029(1.0),14/04/23 23:00:00,A,DEATH_NR,SE,2013,90402,
ESTAT:TPS00029(1.0),14/04/23 23:00:00,A,DEATH_NR,SE,2014,88976,
ESTAT:TPS00029(1.0),14/04/23 23:00:00,A,DEATH_NR,SE,2015,90907,
ESTAT:TPS00029(1.0),14/04/23 23:00:00,A,DEATH_NR,SE,2016,90982,
ESTAT:TPS00029(1.0),14/04/23 23:00:00,A,DEATH_NR,SE,2017,91972,
ESTAT:TPS00029(1.0),14/04/23 23:00:00,A,DEATH_NR,SE,2018,92185,
ESTAT:TPS00029(1.0),14/04/23 23:00:00,A,DEATH_NR,SE,2019,88766,
ESTAT:TPS00029(1.0),14/04/23 23:00:00,A,DEATH_NR,SE,2020,98124,
ESTAT:TPS00029(1.0),14/04/23 23:00:00,A,DEATH_NR,SE,2021,91958,
ESTAT:TPS00029(1.0),14/04/23 23:00:00,A,DEATH_NR,SI,2010,18609,
ESTAT:TPS00029(1.0),14/04/23 23:00:00,A,DEATH_NR,SI,2011,18699,
ESTAT:TPS00029(1.0),14/04/23 23:00:00,A,DEATH_NR,SI,2012,19257,
ESTAT:TPS00029(1.0),14/04/23 23:00:00,A,DEATH_NR,SI,2013,19334,
ESTAT:TPS00029(1.0),14/04/23 23:00:00,A,DEATH_NR,SI,2014,18886,
ESTAT:TPS00029(1.0),14/04/23 23:00:00,A,DEATH_NR,SI,2015,19834,
ESTAT:TPS00029(1.0),14/04/23 23:00:00,A,DEATH_NR,SI,2016,19689,
ESTAT:TPS00029(1.0),14/04/23 23:00:00,A,DEATH_NR,SI,2017,20509,
ESTAT:TPS00029(1.0),14/04/23 23:00:00,A,DEATH_NR,SI,2018,20485,
ESTAT:TPS00029(1.0),14/04/23 23:00:00,A,DEATH_NR,SI,2019,20588,
ESTAT:TPS00029(1.0),14/04/23 23:00:00,A,DEATH_NR,SI,2020,24016,
ESTAT:TPS00029(1.0),14/04/23 23:00:00,A,DEATH_NR,SI,2021,23261,
ESTAT:TPS00029(1.0),14/04/23 23:00:00,A,DEATH_NR,SK,2010,53445,
ESTAT:TPS00029(1.0),14/04/23 23:00:00,A,DEATH_NR,SK,2011,51903,
ESTAT:TPS00029(1.0),14/04/23 23:00:00,A,DEATH_NR,SK,2012,52437,
ESTAT:TPS00029(1.0),14/04/23 23:00:00,A,DEATH_NR,SK,2013,52089,
ESTAT:TPS00029(1.0),14/04/23 23:00:00,A,DEATH_NR,SK,2014,51346,
ESTAT:TPS00029(1.0),14/04/23 23:00:00,A,DEATH_NR,SK,2015,53826,
ESTAT:TPS00029(1.0),14/04/23 23:00:00,A,DEATH_NR,SK,2016,52351,
ESTAT:TPS00029(1.0),14/04/23 23:00:00,A,DEATH_NR,SK,2017,53914,
ESTAT:TPS00029(1.0),14/04/23 23:00:00,A,DEATH_NR,SK,2018,54293,
ESTAT:TPS00029(1.0),14/04/23 23:00:00,A,DEATH_NR,SK,2019,53234,
ESTAT:TPS00029(1.0),14/04/23 23:00:00,A,DEATH_NR,SK,2020,59089,
ESTAT:TPS00029(1.0),14/04/23 23:00:00,A,DEATH_NR,SK,2021,73461,
ESTAT:TPS00029(1.0),14/04/23 23:00:00,A,DEATH_NR,SM,2011,222,
ESTAT:TPS00029(1.0),14/04/23 23:00:00,A,DEATH_NR,SM,2012,237,
ESTAT:TPS00029(1.0),14/04/23 23:00:00,A,DEATH_NR,SM,2013,247,
ESTAT:TPS00029(1.0),14/04/23 23:00:00,A,DEATH_NR,SM,2014,252,
ESTAT:TPS00029(1.0),14/04/23 23:00:00,A,DEATH_NR,SM,2015,235,
ESTAT:TPS00029(1.0),14/04/23 23:00:00,A,DEATH_NR,SM,2016,253,
ESTAT:TPS00029(1.0),14/04/23 23:00:00,A,DEATH_NR,SM,2017,278,
ESTAT:TPS00029(1.0),14/04/23 23:00:00,A,DEATH_NR,SM,2018,244,
ESTAT:TPS00029(1.0),14/04/23 23:00:00,A,DEATH_NR,SM,2019,251,
ESTAT:TPS00029(1.0),14/04/23 23:00:00,A,DEATH_NR,SM,2021,312,
ESTAT:TPS00029(1.0),14/04/23 23:00:00,A,DEATH_NR,TR,2010,365707,
ESTAT:TPS00029(1.0),14/04/23 23:00:00,A,DEATH_NR,TR,2011,375367,
ESTAT:TPS00029(1.0),14/04/23 23:00:00,A,DEATH_NR,TR,2012,374855,
ESTAT:TPS00029(1.0),14/04/23 23:00:00,A,DEATH_NR,TR,2013,372094,
ESTAT:TPS00029(1.0),14/04/23 23:00:00,A,DEATH_NR,TR,2014,390121,
ESTAT:TPS00029(1.0),14/04/23 23:00:00,A,DEATH_NR,TR,2015,405218,
ESTAT:TPS00029(1.0),14/04/23 23:00:00,A,DEATH_NR,TR,2016,422135,
ESTAT:TPS00029(1.0),14/04/23 23:00:00,A,DEATH_NR,TR,2017,425781,
ESTAT:TPS00029(1.0),14/04/23 23:00:00,A,DEATH_NR,TR,2018,426106,
ESTAT:TPS00029(1.0),14/04/23 23:00:00,A,DEATH_NR,TR,2019,435941,
ESTAT:TPS00029(1.0),14/04/23 23:00:00,A,DEATH_NR,UA,2010,698235,
ESTAT:TPS00029(1.0),14/04/23 23:00:00,A,DEATH_NR,UA,2011,664588,
ESTAT:TPS00029(1.0),14/04/23 23:00:00,A,DEATH_NR,UA,2012,663139,
ESTAT:TPS00029(1.0),14/04/23 23:00:00,A,DEATH_NR,UA,2013,662368,
ESTAT:TPS00029(1.0),14/04/23 23:00:00,A,DEATH_NR,UA,2014,632296,
ESTAT:TPS00029(1.0),14/04/23 23:00:00,A,DEATH_NR,UA,2015,594796,
ESTAT:TPS00029(1.0),14/04/23 23:00:00,A,DEATH_NR,UA,2016,583631,
ESTAT:TPS00029(1.0),14/04/23 23:00:00,A,DEATH_NR,UA,2017,574123,
ESTAT:TPS00029(1.0),14/04/23 23:00:00,A,DEATH_NR,UA,2018,587665,
ESTAT:TPS00029(1.0),14/04/23 23:00:00,A,DEATH_NR,UA,2019,581114,
ESTAT:TPS00029(1.0),14/04/23 23:00:00,A,DEATH_NR,UA,2020,616835,
ESTAT:TPS00029(1.0),14/04/23 23:00:00,A,DEATH_NR,UA,2021,714263,e
ESTAT:TPS00029(1.0),14/04/23 23:00:00,A,DEATH_NR,UK,2010,561666,
ESTAT:TPS00029(1.0),14/04/23 23:00:00,A,DEATH_NR,UK,2011,552232,
ESTAT:TPS00029(1.0),14/04/23 23:00:00,A,DEATH_NR,UK,2012,569024,
ESTAT:TPS00029(1.0),14/04/23 23:00:00,A,DEATH_NR,UK,2013,574945,
ESTAT:TPS00029(1.0),14/04/23 23:00:00,A,DEATH_NR,UK,2014,568840,
ESTAT:TPS00029(1.0),14/04/23 23:00:00,A,DEATH_NR,UK,2015,601272,
ESTAT:TPS00029(1.0),14/04/23 23:00:00,A,DEATH_NR,UK,2016,595655,
ESTAT:TPS00029(1.0),14/04/23 23:00:00,A,DEATH_NR,UK,2017,605748,
ESTAT:TPS00029(1.0),14/04/23 23:00:00,A,DEATH_NR,UK,2018,614313,
ESTAT:TPS00029(1.0),14/04/23 23:00:00,A,DEATH_NR,UK,2019,604621,p
ESTAT:TPS00029(1.0),14/04/23 23:00:00,A,DEATH_NR,XK,2010,7234,
ESTAT:TPS00029(1.0),14/04/23 23:00:00,A,DEATH_NR,XK,2011,7111,
ESTAT:TPS00029(1.0),14/04/23 23:00:00,A,DEATH_NR,XK,2012,7317,
ESTAT:TPS00029(1.0),14/04/23 23:00:00,A,DEATH_NR,XK,2013,7135,
ESTAT:TPS00029(1.0),14/04/23 23:00:00,A,DEATH_NR,XK,2014,7634,
ESTAT:TPS00029(1.0),14/04/23 23:00:00,A,DEATH_NR,XK,2015,8202,
ESTAT:TPS00029(1.0),14/04/23 23:00:00,A,DEATH_NR,XK,2016,8495,
ESTAT:TPS00029(1.0),14/04/23 23:00:00,A,DEATH_NR,XK,2017,8721,
ESTAT:TPS00029(1.0),14/04/23 23:00:00,A,DEATH_NR,XK,2018,8998,
ESTAT:TPS00029(1.0),14/04/23 23:00:00,A,DEATH_NR,XK,2019,9430,
ESTAT:TPS00029(1.0),14/04/23 23:00:00,A,DEATH_NR,XK,2020,14457,p
ESTAT:TPS00029(1.0),14/04/23 23:00:00,A,GDEATHRT_THSP,AD,2010,2.8,
ESTAT:TPS00029(1.0),14/04/23 23:00:00,A,GDEATHRT_THSP,AD,2012,3.9,
ESTAT:TPS00029(1.0),14/04/23 23:00:00,A,GDEATHRT_THSP,AD,2016,4.3,e
ESTAT:TPS00029(1.0),14/04/23 23:00:00,A,GDEATHRT_THSP,AD,2018,4.4,e
ESTAT:TPS00029(1.0),14/04/23 23:00:00,A,GDEATHRT_THSP,AD,2019,3.9,e
ESTAT:TPS00029(1.0),14/04/23 23:00:00,A,GDEATHRT_THSP,AL,2010,6.9,
ESTAT:TPS00029(1.0),14/04/23 23:00:00,A,GDEATHRT_THSP,AL,2011,6.9,
ESTAT:TPS00029(1.0),14/04/23 23:00:00,A,GDEATHRT_THSP,AL,2012,7.2,
ESTAT:TPS00029(1.0),14/04/23 23:00:00,A,GDEATHRT_THSP,AL,2013,7.1,
ESTAT:TPS00029(1.0),14/04/23 23:00:00,A,GDEATHRT_THSP,AL,2014,7.1,
ESTAT:TPS00029(1.0),14/04/23 23:00:00,A,GDEATHRT_THSP,AL,2015,7.8,
ESTAT:TPS00029(1.0),14/04/23 23:00:00,A,GDEATHRT_THSP,AL,2016,7.4,
ESTAT:TPS00029(1.0),14/04/23 23:00:00,A,GDEATHRT_THSP,AL,2017,7.7,
ESTAT:TPS00029(1.0),14/04/23 23:00:00,A,GDEATHRT_THSP,AL,2018,7.6,
ESTAT:TPS00029(1.0),14/04/23 23:00:00,A,GDEATHRT_THSP,AL,2019,7.7,
ESTAT:TPS00029(1.0),14/04/23 23:00:00,A,GDEATHRT_THSP,AL,2020,9.7,
ESTAT:TPS00029(1.0),14/04/23 23:00:00,A,GDEATHRT_THSP,AL,2021,10.9,
ESTAT:TPS00029(1.0),14/04/23 23:00:00,A,GDEATHRT_THSP,AM,2010,8.6,
ESTAT:TPS00029(1.0),14/04/23 23:00:00,A,GDEATHRT_THSP,AM,2011,8.6,
ESTAT:TPS00029(1.0),14/04/23 23:00:00,A,GDEATHRT_THSP,AM,2015,9.3,
ESTAT:TPS00029(1.0),14/04/23 23:00:00,A,GDEATHRT_THSP,AM,2016,9.4,
ESTAT:TPS00029(1.0),14/04/23 23:00:00,A,GDEATHRT_THSP,AM,2017,9.1,
ESTAT:TPS00029(1.0),14/04/23 23:00:00,A,GDEATHRT_THSP,AM,2018,8.7,
ESTAT:TPS00029(1.0),14/04/23 23:00:00,A,GDEATHRT_THSP,AM,2019,8.8,
ESTAT:TPS00029(1.0),14/04/23 23:00:00,A,GDEATHRT_THSP,AM,2020,12.2,
ESTAT:TPS00029(1.0),14/04/23 23:00:00,A,GDEATHRT_THSP,AT,2010,9.2,
ESTAT:TPS00029(1.0),14/04/23 23:00:00,A,GDEATHRT_THSP,AT,2011,9.1,
ESTAT:TPS00029(1.0),14/04/23 23:00:00,A,GDEATHRT_THSP,AT,2012,9.4,
ESTAT:TPS00029(1.0),14/04/23 23:00:00,A,GDEATHRT_THSP,AT,2013,9.4,
ESTAT:TPS00029(1.0),14/04/23 23:00:00,A,GDEATHRT_THSP,AT,2014,9.2,
ESTAT:TPS00029(1.0),14/04/23 23:00:00,A,GDEATHRT_THSP,AT,2015,9.6,
ESTAT:TPS00029(1.0),14/04/23 23:00:00,A,GDEATHRT_THSP,AT,2016,9.2,
ESTAT:TPS00029(1.0),14/04/23 23:00:00,A,GDEATHRT_THSP,AT,2017,9.5,
ESTAT:TPS00029(1.0),14/04/23 23:00:00,A,GDEATHRT_THSP,AT,2018,9.5,
ESTAT:TPS00029(1.0),14/04/23 23:00:00,A,GDEATHRT_THSP,AT,2019,9.4,
ESTAT:TPS00029(1.0),14/04/23 23:00:00,A,GDEATHRT_THSP,AT,2020,10.3,
ESTAT:TPS00029(1.0),14/04/23 23:00:00,A,GDEATHRT_THSP,AT,2021,10.3,
ESTAT:TPS00029(1.0),14/04/23 23:00:00,A,GDEATHRT_THSP,AZ,2010,5.9,
ESTAT:TPS00029(1.0),14/04/23 23:00:00,A,GDEATHRT_THSP,AZ,2011,5.9,
ESTAT:TPS00029(1.0),14/04/23 23:00:00,A,GDEATHRT_THSP,AZ,2012,5.9,
ESTAT:TPS00029(1.0),14/04/23 23:00:00,A,GDEATHRT_THSP,AZ,2013,5.8,
ESTAT:TPS00029(1.0),14/04/23 23:00:00,A,GDEATHRT_THSP,AZ,2014,5.8,
ESTAT:TPS00029(1.0),14/04/23 23:00:00,A,GDEATHRT_THSP,AZ,2015,5.7,
ESTAT:TPS00029(1.0),14/04/23 23:00:00,A,GDEATHRT_THSP,AZ,2016,5.8,
ESTAT:TPS00029(1.0),14/04/23 23:00:00,A,GDEATHRT_THSP,AZ,2017,5.8,
ESTAT:TPS00029(1.0),14/04/23 23:00:00,A,GDEATHRT_THSP,AZ,2018,5.8,
ESTAT:TPS00029(1.0),14/04/23 23:00:00,A,GDEATHRT_THSP,AZ,2019,5.6,
ESTAT:TPS00029(1.0),14/04/23 23:00:00,A,GDEATHRT_THSP,AZ,2020,7.5,
ESTAT:TPS00029(1.0),14/04/23 23:00:00,A,GDEATHRT_THSP,AZ,2021,7.6,
ESTAT:TPS00029(1.0),14/04/23 23:00:00,A,GDEATHRT_THSP,BA,2010,9.1,
ESTAT:TPS00029(1.0),14/04/23 23:00:00,A,GDEATHRT_THSP,BA,2011,9.2,
ESTAT:TPS00029(1.0),14/04/23 23:00:00,A,GDEATHRT_THSP,BA,2012,9.3,
ESTAT:TPS00029(1.0),14/04/23 23:00:00,A,GDEATHRT_THSP,BA,2013,9.3,
ESTAT:TPS00029(1.0),14/04/23 23:00:00,A,GDEATHRT_THSP,BA,2014,9.1,
ESTAT:TPS00029(1.0),14/04/23 23:00:00,A,GDEATHRT_THSP,BA,2016,10.1,
ESTAT:TPS00029(1.0),14/04/23 23:00:00,A,GDEATHRT_THSP,BA,2017,10.4,
ESTAT:TPS00029(1.0),14/04/23 23:00:00,A,GDEATHRT_THSP,BA,2018,10.8,p
ESTAT:TPS00029(1.0),14/04/23 23:00:00,A,GDEATHRT_THSP,BE,2010,9.7,
ESTAT:TPS00029(1.0),14/04/23 23:00:00,A,GDEATHRT_THSP,BE,2011,9.4,b
ESTAT:TPS00029(1.0),14/04/23 23:00:00,A,GDEATHRT_THSP,BE,2012,9.8,b
ESTAT:TPS00029(1.0),14/04/23 23:00:00,A,GDEATHRT_THSP,BE,2013,9.8,
ESTAT:TPS00029(1.0),14/04/23 23:00:00,A,GDEATHRT_THSP,BE,2014,9.3,
ESTAT:TPS00029(1.0),14/04/23 23:00:00,A,GDEATHRT_THSP,BE,2015,9.8,
ESTAT:TPS00029(1.0),14/04/23 23:00:00,A,GDEATHRT_THSP,BE,2016,9.5,
ESTAT:TPS00029(1.0),14/04/23 23:00:00,A,GDEATHRT_THSP,BE,2017,9.6,
ESTAT:TPS00029(1.0),14/04/23 23:00:00,A,GDEATHRT_THSP,BE,2018,9.7,
ESTAT:TPS00029(1.0),14/04/23 23:00:00,A,GDEATHRT_THSP,BE,2019,9.5,
ESTAT:TPS00029(1.0),14/04/23 23:00:00,A,GDEATHRT_THSP,BE,2020,11.0,
ESTAT:TPS00029(1.0),14/04/23 23:00:00,A,GDEATHRT_THSP,BE,2021,9.7,
ESTAT:TPS00029(1.0),14/04/23 23:00:00,A,GDEATHRT_THSP,BG,2010,14.9,
ESTAT:TPS00029(1.0),14/04/23 23:00:00,A,GDEATHRT_THSP,BG,2011,14.7,
ESTAT:TPS00029(1.0),14/04/23 23:00:00,A,GDEATHRT_THSP,BG,2012,15.0,
ESTAT:TPS00029(1.0),14/04/23 23:00:00,A,GDEATHRT_THSP,BG,2013,14.4,
ESTAT:TPS00029(1.0),14/04/23 23:00:00,A,GDEATHRT_THSP,BG,2014,15.1,
ESTAT:TPS00029(1.0),14/04/23 23:00:00,A,GDEATHRT_THSP,BG,2015,15.3,
ESTAT:TPS00029(1.0),14/04/23 23:00:00,A,GDEATHRT_THSP,BG,2016,15.1,
ESTAT:TPS00029(1.0),14/04/23 23:00:00,A,GDEATHRT_THSP,BG,2017,15.5,
ESTAT:TPS00029(1.0),14/04/23 23:00:00,A,GDEATHRT_THSP,BG,2018,15.4,
ESTAT:TPS00029(1.0),14/04/23 23:00:00,A,GDEATHRT_THSP,BG,2019,15.5,
ESTAT:TPS00029(1.0),14/04/23 23:00:00,A,GDEATHRT_THSP,BG,2020,18.0,
ESTAT:TPS00029(1.0),14/04/23 23:00:00,A,GDEATHRT_THSP,BG,2021,21.7,
ESTAT:TPS00029(1.0),14/04/23 23:00:00,A,GDEATHRT_THSP,BY,2010,14.5,
ESTAT:TPS00029(1.0),14/04/23 23:00:00,A,GDEATHRT_THSP,BY,2011,14.3,
ESTAT:TPS00029(1.0),14/04/23 23:00:00,A,GDEATHRT_THSP,BY,2012,13.4,
ESTAT:TPS00029(1.0),14/04/23 23:00:00,A,GDEATHRT_THSP,BY,2013,13.2,
ESTAT:TPS00029(1.0),14/04/23 23:00:00,A,GDEATHRT_THSP,BY,2014,12.8,
ESTAT:TPS00029(1.0),14/04/23 23:00:00,A,GDEATHRT_THSP,BY,2015,12.6,
ESTAT:TPS00029(1.0),14/04/23 23:00:00,A,GDEATHRT_THSP,BY,2016,12.6,
ESTAT:TPS00029(1.0),14/04/23 23:00:00,A,GDEATHRT_THSP,BY,2017,12.6,
ESTAT:TPS00029(1.0),14/04/23 23:00:00,A,GDEATHRT_THSP,BY,2018,12.7,
ESTAT:TPS00029(1.0),14/04/23 23:00:00,A,GDEATHRT_THSP,BY,2019,12.8,
ESTAT:TPS00029(1.0),14/04/23 23:00:00,A,GDEATHRT_THSP,CH,2010,8.0,
ESTAT:TPS00029(1.0),14/04/23 23:00:00,A,GDEATHRT_THSP,CH,2011,7.8,b
ESTAT:TPS00029(1.0),14/04/23 23:00:00,A,GDEATHRT_THSP,CH,2012,8.0,
ESTAT:TPS00029(1.0),14/04/23 23:00:00,A,GDEATHRT_THSP,CH,2013,8.0,
ESTAT:TPS00029(1.0),14/04/23 23:00:00,A,GDEATHRT_THSP,CH,2014,7.8,
ESTAT:TPS00029(1.0),14/04/23 23:00:00,A,GDEATHRT_THSP,CH,2015,8.2,
ESTAT:TPS00029(1.0),14/04/23 23:00:00,A,GDEATHRT_THSP,CH,2016,7.8,
ESTAT:TPS00029(1.0),14/04/23 23:00:00,A,GDEATHRT_THSP,CH,2017,7.9,
ESTAT:TPS00029(1.0),14/04/23 23:00:00,A,GDEATHRT_THSP,CH,2018,7.9,
ESTAT:TPS00029(1.0),14/04/23 23:00:00,A,GDEATHRT_THSP,CH,2019,7.9,
ESTAT:TPS00029(1.0),14/04/23 23:00:00,A,GDEATHRT_THSP,CH,2020,8.8,
ESTAT:TPS00029(1.0),14/04/23 23:00:00,A,GDEATHRT_THSP,CH,2021,8.2,
ESTAT:TPS00029(1.0),14/04/23 23:00:00,A,GDEATHRT_THSP,CY,2010,6.2,
ESTAT:TPS00029(1.0),14/04/23 23:00:00,A,GDEATHRT_THSP,CY,2011,6.5,
ESTAT:TPS00029(1.0),14/04/23 23:00:00,A,GDEATHRT_THSP,CY,2012,6.6,
ESTAT:TPS00029(1.0),14/04/23 23:00:00,A,GDEATHRT_THSP,CY,2013,6.0,
ESTAT:TPS00029(1.0),14/04/23 23:00:00,A,GDEATHRT_THSP,CY,2014,6.4,
ESTAT:TPS00029(1.0),14/04/23 23:00:00,A,GDEATHRT_THSP,CY,2015,6.9,
ESTAT:TPS00029(1.0),14/04/23 23:00:00,A,GDEATHRT_THSP,CY,2016,6.4,
ESTAT:TPS00029(1.0),14/04/23 23:00:00,A,GDEATHRT_THSP,CY,2017,7.0,
ESTAT:TPS00029(1.0),14/04/23 23:00:00,A,GDEATHRT_THSP,CY,2018,6.6,
ESTAT:TPS00029(1.0),14/04/23 23:00:00,A,GDEATHRT_THSP,CY,2019,7.1,
ESTAT:TPS00029(1.0),14/04/23 23:00:00,A,GDEATHRT_THSP,CY,2020,7.2,
ESTAT:TPS00029(1.0),14/04/23 23:00:00,A,GDEATHRT_THSP,CY,2021,8.0,
ESTAT:TPS00029(1.0),14/04/23 23:00:00,A,GDEATHRT_THSP,CZ,2010,10.2,
ESTAT:TPS00029(1.0),14/04/23 23:00:00,A,GDEATHRT_THSP,CZ,2011,10.2,
ESTAT:TPS00029(1.0),14/04/23 23:00:00,A,GDEATHRT_THSP,CZ,2012,10.3,
ESTAT:TPS00029(1.0),14/04/23 23:00:00,A,GDEATHRT_THSP,CZ,2013,10.4,
ESTAT:TPS00029(1.0),14/04/23 23:00:00,A,GDEATHRT_THSP,CZ,2014,10.0,
ESTAT:TPS00029(1.0),14/04/23 23:00:00,A,GDEATHRT_THSP,CZ,2015,10.5,
ESTAT:TPS00029(1.0),14/04/23 23:00:00,A,GDEATHRT_THSP,CZ,2016,10.2,
ESTAT:TPS00029(1.0),14/04/23 23:00:00,A,GDEATHRT_THSP,CZ,2017,10.5,
ESTAT:TPS00029(1.0),14/04/23 23:00:00,A,GDEATHRT_THSP,CZ,2018,10.6,
ESTAT:TPS00029(1.0),14/04/23 23:00:00,A,GDEATHRT_THSP,CZ,2019,10.5,
ESTAT:TPS00029(1.0),14/04/23 23:00:00,A,GDEATHRT_THSP,CZ,2020,12.1,
ESTAT:TPS00029(1.0),14/04/23 23:00:00,A,GDEATHRT_THSP,CZ,2021,13.3,b
ESTAT:TPS00029(1.0),14/04/23 23:00:00,A,GDEATHRT_THSP,DE,2010,10.5,
ESTAT:TPS00029(1.0),14/04/23 23:00:00,A,GDEATHRT_THSP,DE,2011,10.6,b
ESTAT:TPS00029(1.0),14/04/23 23:00:00,A,GDEATHRT_THSP,DE,2012,10.8,
ESTAT:TPS00029(1.0),14/04/23 23:00:00,A,GDEATHRT_THSP,DE,2013,11.1,
ESTAT:TPS00029(1.0),14/04/23 23:00:00,A,GDEATHRT_THSP,DE,2014,10.7,
ESTAT:TPS00029(1.0),14/04/23 23:00:00,A,GDEATHRT_THSP,DE,2015,11.3,
ESTAT:TPS00029(1.0),14/04/23 23:00:00,A,GDEATHRT_THSP,DE,2016,11.1,
ESTAT:TPS00029(1.0),14/04/23 23:00:00,A,GDEATHRT_THSP,DE,2017,11.3,
ESTAT:TPS00029(1.0),14/04/23 23:00:00,A,GDEATHRT_THSP,DE,2018,11.5,
ESTAT:TPS00029(1.0),14/04/23 23:00:00,A,GDEATHRT_THSP,DE,2019,11.3,
ESTAT:TPS00029(1.0),14/04/23 23:00:00,A,GDEATHRT_THSP,DE,2020,11.9,
ESTAT:TPS00029(1.0),14/04/23 23:00:00,A,GDEATHRT_THSP,DE,2021,12.3,
ESTAT:TPS00029(1.0),14/04/23 23:00:00,A,GDEATHRT_THSP,DK,2010,9.8,
ESTAT:TPS00029(1.0),14/04/23 23:00:00,A,GDEATHRT_THSP,DK,2011,9.4,
ESTAT:TPS00029(1.0),14/04/23 23:00:00,A,GDEATHRT_THSP,DK,2012,9.4,
ESTAT:TPS00029(1.0),14/04/23 23:00:00,A,GDEATHRT_THSP,DK,2013,9.3,
ESTAT:TPS00029(1.0),14/04/23 23:00:00,A,GDEATHRT_THSP,DK,2014,9.1,
ESTAT:TPS00029(1.0),14/04/23 23:00:00,A,GDEATHRT_THSP,DK,2015,9.2,
ESTAT:TPS00029(1.0),14/04/23 23:00:00,A,GDEATHRT_THSP,DK,2016,9.2,
ESTAT:TPS00029(1.0),14/04/23 23:00:00,A,GDEATHRT_THSP,DK,2017,9.2,
ESTAT:TPS00029(1.0),14/04/23 23:00:00,A,GDEATHRT_THSP,DK,2018,9.5,
ESTAT:TPS00029(1.0),14/04/23 23:00:00,A,GDEATHRT_THSP,DK,2019,9.3,
ESTAT:TPS00029(1.0),14/04/23 23:00:00,A,GDEATHRT_THSP,DK,2020,9.4,
ESTAT:TPS00029(1.0),14/04/23 23:00:00,A,GDEATHRT_THSP,DK,2021,9.8,
ESTAT:TPS00029(1.0),14/04/23 23:00:00,A,GDEATHRT_THSP,EA19,2010,9.4,
ESTAT:TPS00029(1.0),14/04/23 23:00:00,A,GDEATHRT_THSP,EA19,2011,9.4,b
ESTAT:TPS00029(1.0),14/04/23 23:00:00,A,GDEATHRT_THSP,EA19,2012,9.7,b
ESTAT:TPS00029(1.0),14/04/23 23:00:00,A,GDEATHRT_THSP,EA19,2013,9.7,
ESTAT:TPS00029(1.0),14/04/23 23:00:00,A,GDEATHRT_THSP,EA19,2014,9.5,b
ESTAT:TPS00029(1.0),14/04/23 23:00:00,A,GDEATHRT_THSP,EA19,2015,10.1,b
ESTAT:TPS00029(1.0),14/04/23 23:00:00,A,GDEATHRT_THSP,EA19,2016,9.8,
ESTAT:TPS00029(1.0),14/04/23 23:00:00,A,GDEATHRT_THSP,EA19,2017,10.1,b
ESTAT:TPS00029(1.0),14/04/23 23:00:00,A,GDEATHRT_THSP,EA19,2018,10.1,e
ESTAT:TPS00029(1.0),14/04/23 23:00:00,A,GDEATHRT_THSP,EA19,2019,10.1,bep
ESTAT:TPS00029(1.0),14/04/23 23:00:00,A,GDEATHRT_THSP,EA19,2020,11.1,p
ESTAT:TPS00029(1.0),14/04/23 23:00:00,A,GDEATHRT_THSP,EA19,2021,11.0,bp
ESTAT:TPS00029(1.0),14/04/23 23:00:00,A,GDEATHRT_THSP,EE,2010,11.9,
ESTAT:TPS00029(1.0),14/04/23 23:00:00,A,GDEATHRT_THSP,EE,2011,11.5,
ESTAT:TPS00029(1.0),14/04/23 23:00:00,A,GDEATHRT_THSP,EE,2012,11.7,
ESTAT:TPS00029(1.0),14/04/23 23:00:00,A,GDEATHRT_THSP,EE,2013,11.6,
ESTAT:TPS00029(1.0),14/04/23 23:00:00,A,GDEATHRT_THSP,EE,2014,11.8,
ESTAT:TPS00029(1.0),14/04/23 23:00:00,A,GDEATHRT_THSP,EE,2015,11.6,b
ESTAT:TPS00029(1.0),14/04/23 23:00:00,A,GDEATHRT_THSP,EE,2016,11.7,
ESTAT:TPS00029(1.0),14/04/23 23:00:00,A,GDEATHRT_THSP,EE,2017,11.8,
ESTAT:TPS00029(1.0),14/04/23 23:00:00,A,GDEATHRT_THSP,EE,2018,11.9,
ESTAT:TPS00029(1.0),14/04/23 23:00:00,A,GDEATHRT_THSP,EE,2019,11.6,
ESTAT:TPS00029(1.0),14/04/23 23:00:00,A,GDEATHRT_THSP,EE,2020,11.9,
ESTAT:TPS00029(1.0),14/04/23 23:00:00,A,GDEATHRT_THSP,EE,2021,14.0,
ESTAT:TPS00029(1.0),14/04/23 23:00:00,A,GDEATHRT_THSP,EL,2010,9.8,
ESTAT:TPS00029(1.0),14/04/23 23:00:00,A,GDEATHRT_THSP,EL,2011,10.0,
ESTAT:TPS00029(1.0),14/04/23 23:00:00,A,GDEATHRT_THSP,EL,2012,10.6,
ESTAT:TPS00029(1.0),14/04/23 23:00:00,A,GDEATHRT_THSP,EL,2013,10.2,
ESTAT:TPS00029(1.0),14/04/23 23:00:00,A,GDEATHRT_THSP,EL,2014,10.4,
ESTAT:TPS00029(1.0),14/04/23 23:00:00,A,GDEATHRT_THSP,EL,2015,11.2,
ESTAT:TPS00029(1.0),14/04/23 23:00:00,A,GDEATHRT_THSP,EL,2016,11.0,
ESTAT:TPS00029(1.0),14/04/23 23:00:00,A,GDEATHRT_THSP,EL,2017,11.6,
ESTAT:TPS00029(1.0),14/04/23 23:00:00,A,GDEATHRT_THSP,EL,2018,11.2,
ESTAT:TPS00029(1.0),14/04/23 23:00:00,A,GDEATHRT_THSP,EL,2019,11.7,
ESTAT:TPS00029(1.0),14/04/23 23:00:00,A,GDEATHRT_THSP,EL,2020,12.2,
ESTAT:TPS00029(1.0),14/04/23 23:00:00,A,GDEATHRT_THSP,EL,2021,13.6,
ESTAT:TPS00029(1.0),14/04/23 23:00:00,A,GDEATHRT_THSP,ES,2010,8.2,
ESTAT:TPS00029(1.0),14/04/23 23:00:00,A,GDEATHRT_THSP,ES,2011,8.3,
ESTAT:TPS00029(1.0),14/04/23 23:00:00,A,GDEATHRT_THSP,ES,2012,8.6,
ESTAT:TPS00029(1.0),14/04/23 23:00:00,A,GDEATHRT_THSP,ES,2013,8.3,
ESTAT:TPS00029(1.0),14/04/23 23:00:00,A,GDEATHRT_THSP,ES,2014,8.5,
ESTAT:TPS00029(1.0),14/04/23 23:00:00,A,GDEATHRT_THSP,ES,2015,9.1,
ESTAT:TPS00029(1.0),14/04/23 23:00:00,A,GDEATHRT_THSP,ES,2016,8.8,
ESTAT:TPS00029(1.0),14/04/23 23:00:00,A,GDEATHRT_THSP,ES,2017,9.1,
ESTAT:TPS00029(1.0),14/04/23 23:00:00,A,GDEATHRT_THSP,ES,2018,9.1,
ESTAT:TPS00029(1.0),14/04/23 23:00:00,A,GDEATHRT_THSP,ES,2019,8.8,
ESTAT:TPS00029(1.0),14/04/23 23:00:00,A,GDEATHRT_THSP,ES,2020,10.4,
ESTAT:TPS00029(1.0),14/04/23 23:00:00,A,GDEATHRT_THSP,ES,2021,9.5,
ESTAT:TPS00029(1.0),14/04/23 23:00:00,A,GDEATHRT_THSP,EU27_2020,2010,9.9,b
ESTAT:TPS00029(1.0),14/04/23 23:00:00,A,GDEATHRT_THSP,EU27_2020,2011,9.8,b
ESTAT:TPS00029(1.0),14/04/23 23:00:00,A,GDEATHRT_THSP,EU27_2020,2012,10.1,b
ESTAT:TPS00029(1.0),14/04/23 23:00:00,A,GDEATHRT_THSP,EU27_2020,2013,10.0,
ESTAT:TPS00029(1.0),14/04/23 23:00:00,A,GDEATHRT_THSP,EU27_2020,2014,9.9,b
ESTAT:TPS00029(1.0),14/04/23 23:00:00,A,GDEATHRT_THSP,EU27_2020,2015,10.4,b
ESTAT:TPS00029(1.0),14/04/23 23:00:00,A,GDEATHRT_THSP,EU27_2020,2016,10.2,
ESTAT:TPS00029(1.0),14/04/23 23:00:00,A,GDEATHRT_THSP,EU27_2020,2017,10.5,b
ESTAT:TPS00029(1.0),14/04/23 23:00:00,A,GDEATHRT_THSP,EU27_2020,2018,10.5,e
ESTAT:TPS00029(1.0),14/04/23 23:00:00,A,GDEATHRT_THSP,EU27_2020,2019,10.4,bep
ESTAT:TPS00029(1.0),14/04/23 23:00:00,A,GDEATHRT_THSP,EU27_2020,2020,11.6,ep
ESTAT:TPS00029(1.0),14/04/23 23:00:00,A,GDEATHRT_THSP,EU27_2020,2021,11.9,bep
ESTAT:TPS00029(1.0),14/04/23 23:00:00,A,GDEATHRT_THSP,FI,2010,9.5,
ESTAT:TPS00029(1.0),14/04/23 23:00:00,A,GDEATHRT_THSP,FI,2011,9.4,
ESTAT:TPS00029(1.0),14/04/23 23:00:00,A,GDEATHRT_THSP,FI,2012,9.6,
ESTAT:TPS00029(1.0),14/04/23 23:00:00,A,GDEATHRT_THSP,FI,2013,9.5,
ESTAT:TPS00029(1.0),14/04/23 23:00:00,A,GDEATHRT_THSP,FI,2014,9.6,
ESTAT:TPS00029(1.0),14/04/23 23:00:00,A,GDEATHRT_THSP,FI,2015,9.6,
ESTAT:TPS00029(1.0),14/04/23 23:00:00,A,GDEATHRT_THSP,FI,2016,9.8,
ESTAT:TPS00029(1.0),14/04/23 23:00:00,A,GDEATHRT_THSP,FI,2017,9.8,
ESTAT:TPS00029(1.0),14/04/23 23:00:00,A,GDEATHRT_THSP,FI,2018,9.9,
ESTAT:TPS00029(1.0),14/04/23 23:00:00,A,GDEATHRT_THSP,FI,2019,9.8,
ESTAT:TPS00029(1.0),14/04/23 23:00:00,A,GDEATHRT_THSP,FI,2020,10.0,
ESTAT:TPS00029(1.0),14/04/23 23:00:00,A,GDEATHRT_THSP,FI,2021,10.4,
ESTAT:TPS00029(1.0),14/04/23 23:00:00,A,GDEATHRT_THSP,FR,2010,8.5,
ESTAT:TPS00029(1.0),14/04/23 23:00:00,A,GDEATHRT_THSP,FR,2011,8.4,
ESTAT:TPS00029(1.0),14/04/23 23:00:00,A,GDEATHRT_THSP,FR,2012,8.7,
ESTAT:TPS00029(1.0),14/04/23 23:00:00,A,GDEATHRT_THSP,FR,2013,8.7,
ESTAT:TPS00029(1.0),14/04/23 23:00:00,A,GDEATHRT_THSP,FR,2014,8.4,b
ESTAT:TPS00029(1.0),14/04/23 23:00:00,A,GDEATHRT_THSP,FR,2015,8.9,
ESTAT:TPS00029(1.0),14/04/23 23:00:00,A,GDEATHRT_THSP,FR,2016,8.9,
ESTAT:TPS00029(1.0),14/04/23 23:00:00,A,GDEATHRT_THSP,FR,2017,9.1,
ESTAT:TPS00029(1.0),14/04/23 23:00:00,A,GDEATHRT_THSP,FR,2018,9.1,
ESTAT:TPS00029(1.0),14/04/23 23:00:00,A,GDEATHRT_THSP,FR,2019,9.1,p
ESTAT:TPS00029(1.0),14/04/23 23:00:00,A,GDEATHRT_THSP,FR,2020,9.9,p
ESTAT:TPS00029(1.0),14/04/23 23:00:00,A,GDEATHRT_THSP,FR,2021,9.8,p
ESTAT:TPS00029(1.0),14/04/23 23:00:00,A,GDEATHRT_THSP,FX,2010,8.6,
ESTAT:TPS00029(1.0),14/04/23 23:00:00,A,GDEATHRT_THSP,FX,2011,8.5,
ESTAT:TPS00029(1.0),14/04/23 23:00:00,A,GDEATHRT_THSP,FX,2012,8.8,
ESTAT:TPS00029(1.0),14/04/23 23:00:00,A,GDEATHRT_THSP,GE,2010,10.7,
ESTAT:TPS00029(1.0),14/04/23 23:00:00,A,GDEATHRT_THSP,GE,2011,11.1,
ESTAT:TPS00029(1.0),14/04/23 23:00:00,A,GDEATHRT_THSP,GE,2014,11.9,b
ESTAT:TPS00029(1.0),14/04/23 23:00:00,A,GDEATHRT_THSP,GE,2015,13.2,
ESTAT:TPS00029(1.0),14/04/23 23:00:00,A,GDEATHRT_THSP,GE,2016,13.6,
ESTAT:TPS00029(1.0),14/04/23 23:00:00,A,GDEATHRT_THSP,GE,2017,12.8,
ESTAT:TPS00029(1.0),14/04/23 23:00:00,A,GDEATHRT_THSP,GE,2018,12.5,
ESTAT:TPS00029(1.0),14/04/23 23:00:00,A,GDEATHRT_THSP,GE,2019,12.5,
ESTAT:TPS00029(1.0),14/04/23 23:00:00,A,GDEATHRT_THSP,GE,2020,13.6,
ESTAT:TPS00029(1.0),14/04/23 23:00:00,A,GDEATHRT_THSP,GE,2021,16.2,
ESTAT:TPS00029(1.0),14/04/23 23:00:00,A,GDEATHRT_THSP,HR,2010,12.1,
ESTAT:TPS00029(1.0),14/04/23 23:00:00,A,GDEATHRT_THSP,HR,2011,11.9,
ESTAT:TPS00029(1.0),14/04/23 23:00:00,A,GDEATHRT_THSP,HR,2012,12.1,
ESTAT:TPS00029(1.0),14/04/23 23:00:00,A,GDEATHRT_THSP,HR,2013,11.8,
ESTAT:TPS00029(1.0),14/04/23 23:00:00,A,GDEATHRT_THSP,HR,2014,12.0,
ESTAT:TPS00029(1.0),14/04/23 23:00:00,A,GDEATHRT_THSP,HR,2015,12.9,
ESTAT:TPS00029(1.0),14/04/23 23:00:00,A,GDEATHRT_THSP,HR,2016,12.4,
ESTAT:TPS00029(1.0),14/04/23 23:00:00,A,GDEATHRT_THSP,HR,2017,12.9,
ESTAT:TPS00029(1.0),14/04/23 23:00:00,A,GDEATHRT_THSP,HR,2018,12.9,
ESTAT:TPS00029(1.0),14/04/23 23:00:00,A,GDEATHRT_THSP,HR,2019,12.7,
ESTAT:TPS00029(1.0),14/04/23 23:00:00,A,GDEATHRT_THSP,HR,2020,14.1,
ESTAT:TPS00029(1.0),14/04/23 23:00:00,A,GDEATHRT_THSP,HR,2021,15.9,
ESTAT:TPS00029(1.0),14/04/23 23:00:00,A,GDEATHRT_THSP,HU,2010,13.0,
ESTAT:TPS00029(1.0),14/04/23 23:00:00,A,GDEATHRT_THSP,HU,2011,12.9,
ESTAT:TPS00029(1.0),14/04/23 23:00:00,A,GDEATHRT_THSP,HU,2012,13.0,b
ESTAT:TPS00029(1.0),14/04/23 23:00:00,A,GDEATHRT_THSP,HU,2013,12.8,
ESTAT:TPS00029(1.0),14/04/23 23:00:00,A,GDEATHRT_THSP,HU,2014,12.8,
ESTAT:TPS00029(1.0),14/04/23 23:00:00,A,GDEATHRT_THSP,HU,2015,13.4,
ESTAT:TPS00029(1.0),14/04/23 23:00:00,A,GDEATHRT_THSP,HU,2016,13.0,
ESTAT:TPS00029(1.0),14/04/23 23:00:00,A,GDEATHRT_THSP,HU,2017,13.5,
ESTAT:TPS00029(1.0),14/04/23 23:00:00,A,GDEATHRT_THSP,HU,2018,13.4,
ESTAT:TPS00029(1.0),14/04/23 23:00:00,A,GDEATHRT_THSP,HU,2019,13.3,
ESTAT:TPS00029(1.0),14/04/23 23:00:00,A,GDEATHRT_THSP,HU,2020,14.5,
ESTAT:TPS00029(1.0),14/04/23 23:00:00,A,GDEATHRT_THSP,HU,2021,16.1,
ESTAT:TPS00029(1.0),14/04/23 23:00:00,A,GDEATHRT_THSP,IE,2010,6.1,
ESTAT:TPS00029(1.0),14/04/23 23:00:00,A,GDEATHRT_THSP,IE,2011,6.2,
ESTAT:TPS00029(1.0),14/04/23 23:00:00,A,GDEATHRT_THSP,IE,2012,6.3,
ESTAT:TPS00029(1.0),14/04/23 23:00:00,A,GDEATHRT_THSP,IE,2013,6.4,
ESTAT:TPS00029(1.0),14/04/23 23:00:00,A,GDEATHRT_THSP,IE,2014,6.3,
ESTAT:TPS00029(1.0),14/04/23 23:00:00,A,GDEATHRT_THSP,IE,2015,6.4,
ESTAT:TPS00029(1.0),14/04/23 23:00:00,A,GDEATHRT_THSP,IE,2016,6.4,
ESTAT:TPS00029(1.0),14/04/23 23:00:00,A,GDEATHRT_THSP,IE,2017,6.3,
ESTAT:TPS00029(1.0),14/04/23 23:00:00,A,GDEATHRT_THSP,IE,2018,6.4,e
ESTAT:TPS00029(1.0),14/04/23 23:00:00,A,GDEATHRT_THSP,IE,2019,6.3,e
ESTAT:TPS00029(1.0),14/04/23 23:00:00,A,GDEATHRT_THSP,IE,2020,6.5,
ESTAT:TPS00029(1.0),14/04/23 23:00:00,A,GDEATHRT_THSP,IE,2021,6.8,
ESTAT:TPS00029(1.0),14/04/23 23:00:00,A,GDEATHRT_THSP,IS,2010,6.4,
ESTAT:TPS00029(1.0),14/04/23 23:00:00,A,GDEATHRT_THSP,IS,2011,6.2,
ESTAT:TPS00029(1.0),14/04/23 23:00:00,A,GDEATHRT_THSP,IS,2012,6.1,
ESTAT:TPS00029(1.0),14/04/23 23:00:00,A,GDEATHRT_THSP,IS,2013,6.7,
ESTAT:TPS00029(1.0),14/04/23 23:00:00,A,GDEATHRT_THSP,IS,2014,6.3,
ESTAT:TPS00029(1.0),14/04/23 23:00:00,A,GDEATHRT_THSP,IS,2015,6.6,
ESTAT:TPS00029(1.0),14/04/23 23:00:00,A,GDEATHRT_THSP,IS,2016,6.9,
ESTAT:TPS00029(1.0),14/04/23 23:00:00,A,GDEATHRT_THSP,IS,2017,6.5,
ESTAT:TPS00029(1.0),14/04/23 23:00:00,A,GDEATHRT_THSP,IS,2018,6.4,
ESTAT:TPS00029(1.0),14/04/23 23:00:00,A,GDEATHRT_THSP,IS,2019,6.3,
ESTAT:TPS00029(1.0),14/04/23 23:00:00,A,GDEATHRT_THSP,IS,2020,6.3,
ESTAT:TPS00029(1.0),14/04/23 23:00:00,A,GDEATHRT_THSP,IS,2021,6.3,
ESTAT:TPS00029(1.0),14/04/23 23:00:00,A,GDEATHRT_THSP,IT,2010,9.9,
ESTAT:TPS00029(1.0),14/04/23 23:00:00,A,GDEATHRT_THSP,IT,2011,10.0,
ESTAT:TPS00029(1.0),14/04/23 23:00:00,A,GDEATHRT_THSP,IT,2012,10.3,
ESTAT:TPS00029(1.0),14/04/23 23:00:00,A,GDEATHRT_THSP,IT,2013,10.0,
ESTAT:TPS00029(1.0),14/04/23 23:00:00,A,GDEATHRT_THSP,IT,2014,9.8,
ESTAT:TPS00029(1.0),14/04/23 23:00:00,A,GDEATHRT_THSP,IT,2015,10.7,
ESTAT:TPS00029(1.0),14/04/23 23:00:00,A,GDEATHRT_THSP,IT,2016,10.1,
ESTAT:TPS00029(1.0),14/04/23 23:00:00,A,GDEATHRT_THSP,IT,2017,10.7,
ESTAT:TPS00029(1.0),14/04/23 23:00:00,A,GDEATHRT_THSP,IT,2018,10.5,
ESTAT:TPS00029(1.0),14/04/23 23:00:00,A,GDEATHRT_THSP,IT,2019,10.6,b
ESTAT:TPS00029(1.0),14/04/23 23:00:00,A,GDEATHRT_THSP,IT,2020,12.5,
ESTAT:TPS00029(1.0),14/04/23 23:00:00,A,GDEATHRT_THSP,IT,2021,11.9,
ESTAT:TPS00029(1.0),14/04/23 23:00:00,A,GDEATHRT_THSP,LI,2010,6.6,
ESTAT:TPS00029(1.0),14/04/23 23:00:00,A,GDEATHRT_THSP,LI,2011,6.8,
ESTAT:TPS00029(1.0),14/04/23 23:00:00,A,GDEATHRT_THSP,LI,2012,6.1,
ESTAT:TPS00029(1.0),14/04/23 23:00:00,A,GDEATHRT_THSP,LI,2013,6.7,
ESTAT:TPS00029(1.0),14/04/23 23:00:00,A,GDEATHRT_THSP,LI,2014,7.2,
ESTAT:TPS00029(1.0),14/04/23 23:00:00,A,GDEATHRT_THSP,LI,2015,6.7,
ESTAT:TPS00029(1.0),14/04/23 23:00:00,A,GDEATHRT_THSP,LI,2016,7.2,
ESTAT:TPS00029(1.0),14/04/23 23:00:00,A,GDEATHRT_THSP,LI,2017,6.6,
ESTAT:TPS00029(1.0),14/04/23 23:00:00,A,GDEATHRT_THSP,LI,2018,7.2,
ESTAT:TPS00029(1.0),14/04/23 23:00:00,A,GDEATHRT_THSP,LI,2019,6.8,
ESTAT:TPS00029(1.0),14/04/23 23:00:00,A,GDEATHRT_THSP,LI,2020,8.2,
ESTAT:TPS00029(1.0),14/04/23 23:00:00,A,GDEATHRT_THSP,LI,2021,6.9,
ESTAT:TPS00029(1.0),14/04/23 23:00:00,A,GDEATHRT_THSP,LT,2010,13.6,
ESTAT:TPS00029(1.0),14/04/23 23:00:00,A,GDEATHRT_THSP,LT,2011,13.6,
ESTAT:TPS00029(1.0),14/04/23 23:00:00,A,GDEATHRT_THSP,LT,2012,13.7,
ESTAT:TPS00029(1.0),14/04/23 23:00:00,A,GDEATHRT_THSP,LT,2013,14.0,
ESTAT:TPS00029(1.0),14/04/23 23:00:00,A,GDEATHRT_THSP,LT,2014,13.7,
ESTAT:TPS00029(1.0),14/04/23 23:00:00,A,GDEATHRT_THSP,LT,2015,14.4,
ESTAT:TPS00029(1.0),14/04/23 23:00:00,A,GDEATHRT_THSP,LT,2016,14.3,
ESTAT:TPS00029(1.0),14/04/23 23:00:00,A,GDEATHRT_THSP,LT,2017,14.2,
ESTAT:TPS00029(1.0),14/04/23 23:00:00,A,GDEATHRT_THSP,LT,2018,14.1,
ESTAT:TPS00029(1.0),14/04/23 23:00:00,A,GDEATHRT_THSP,LT,2019,13.7,
ESTAT:TPS00029(1.0),14/04/23 23:00:00,A,GDEATHRT_THSP,LT,2020,15.6,
ESTAT:TPS00029(1.0),14/04/23 23:00:00,A,GDEATHRT_THSP,LT,2021,17.0,
ESTAT:TPS00029(1.0),14/04/23 23:00:00,A,GDEATHRT_THSP,LU,2010,7.4,
ESTAT:TPS00029(1.0),14/04/23 23:00:00,A,GDEATHRT_THSP,LU,2011,7.4,
ESTAT:TPS00029(1.0),14/04/23 23:00:00,A,GDEATHRT_THSP,LU,2012,7.3,b
ESTAT:TPS00029(1.0),14/04/23 23:00:00,A,GDEATHRT_THSP,LU,2013,7.0,
ESTAT:TPS00029(1.0),14/04/23 23:00:00,A,GDEATHRT_THSP,LU,2014,6.9,
ESTAT:TPS00029(1.0),14/04/23 23:00:00,A,GDEATHRT_THSP,LU,2015,7.0,
ESTAT:TPS00029(1.0),14/04/23 23:00:00,A,GDEATHRT_THSP,LU,2016,6.8,
ESTAT:TPS00029(1.0),14/04/23 23:00:00,A,GDEATHRT_THSP,LU,2017,7.1,b
ESTAT:TPS00029(1.0),14/04/23 23:00:00,A,GDEATHRT_THSP,LU,2018,7.1,
ESTAT:TPS00029(1.0),14/04/23 23:00:00,A,GDEATHRT_THSP,LU,2019,6.9,
ESTAT:TPS00029(1.0),14/04/23 23:00:00,A,GDEATHRT_THSP,LU,2020,7.3,
ESTAT:TPS00029(1.0),14/04/23 23:00:00,A,GDEATHRT_THSP,LU,2021,7.0,
ESTAT:TPS00029(1.0),14/04/23 23:00:00,A,GDEATHRT_THSP,LV,2010,14.3,
ESTAT:TPS00029(1.0),14/04/23 23:00:00,A,GDEATHRT_THSP,LV,2011,13.9,
ESTAT:TPS00029(1.0),14/04/23 23:00:00,A,GDEATHRT_THSP,LV,2012,14.3,
ESTAT:TPS00029(1.0),14/04/23 23:00:00,A,GDEATHRT_THSP,LV,2013,14.3,
ESTAT:TPS00029(1.0),14/04/23 23:00:00,A,GDEATHRT_THSP,LV,2014,14.3,
ESTAT:TPS00029(1.0),14/04/23 23:00:00,A,GDEATHRT_THSP,LV,2015,14.4,
ESTAT:TPS00029(1.0),14/04/23 23:00:00,A,GDEATHRT_THSP,LV,2016,14.6,
ESTAT:TPS00029(1.0),14/04/23 23:00:00,A,GDEATHRT_THSP,LV,2017,14.8,
ESTAT:TPS00029(1.0),14/04/23 23:00:00,A,GDEATHRT_THSP,LV,2018,15.0,
ESTAT:TPS00029(1.0),14/04/23 23:00:00,A,GDEATHRT_THSP,LV,2019,14.5,
ESTAT:TPS00029(1.0),14/04/23 23:00:00,A,GDEATHRT_THSP,LV,2020,15.2,
ESTAT:TPS00029(1.0),14/04/23 23:00:00,A,GDEATHRT_THSP,LV,2021,18.4,
ESTAT:TPS00029(1.0),14/04/23 23:00:00,A,GDEATHRT_THSP,MC,2015,7.6,e
ESTAT:TPS00029(1.0),14/04/23 23:00:00,A,GDEATHRT_THSP,MC,2016,7.9,e
ESTAT:TPS00029(1.0),14/04/23 23:00:00,A,GDEATHRT_THSP,MC,2018,6.6,e
ESTAT:TPS00029(1.0),14/04/23 23:00:00,A,GDEATHRT_THSP,MD,2010,12.2,
ESTAT:TPS00029(1.0),14/04/23 23:00:00,A,GDEATHRT_THSP,MD,2011,11.0,
ESTAT:TPS00029(1.0),14/04/23 23:00:00,A,GDEATHRT_THSP,MD,2012,11.1,
ESTAT:TPS00029(1.0),14/04/23 23:00:00,A,GDEATHRT_THSP,MD,2013,10.7,
ESTAT:TPS00029(1.0),14/04/23 23:00:00,A,GDEATHRT_THSP,MD,2014,13.8,be
ESTAT:TPS00029(1.0),14/04/23 23:00:00,A,GDEATHRT_THSP,MD,2015,14.1,e
ESTAT:TPS00029(1.0),14/04/23 23:00:00,A,GDEATHRT_THSP,MD,2016,13.7,e
ESTAT:TPS00029(1.0),14/04/23 23:00:00,A,GDEATHRT_THSP,MD,2017,13.4,ep
ESTAT:TPS00029(1.0),14/04/23 23:00:00,A,GDEATHRT_THSP,MD,2018,13.8,e
ESTAT:TPS00029(1.0),14/04/23 23:00:00,A,GDEATHRT_THSP,MD,2019,13.7,e
ESTAT:TPS00029(1.0),14/04/23 23:00:00,A,GDEATHRT_THSP,MD,2020,15.5,ep
ESTAT:TPS00029(1.0),14/04/23 23:00:00,A,GDEATHRT_THSP,ME,2010,9.1,b
ESTAT:TPS00029(1.0),14/04/23 23:00:00,A,GDEATHRT_THSP,ME,2011,9.4,
ESTAT:TPS00029(1.0),14/04/23 23:00:00,A,GDEATHRT_THSP,ME,2012,9.5,
ESTAT:TPS00029(1.0),14/04/23 23:00:00,A,GDEATHRT_THSP,ME,2013,9.5,
ESTAT:TPS00029(1.0),14/04/23 23:00:00,A,GDEATHRT_THSP,ME,2014,9.7,
ESTAT:TPS00029(1.0),14/04/23 23:00:00,A,GDEATHRT_THSP,ME,2015,10.2,
ESTAT:TPS00029(1.0),14/04/23 23:00:00,A,GDEATHRT_THSP,ME,2016,10.4,
ESTAT:TPS00029(1.0),14/04/23 23:00:00,A,GDEATHRT_THSP,ME,2017,10.5,
ESTAT:TPS00029(1.0),14/04/23 23:00:00,A,GDEATHRT_THSP,ME,2018,10.5,
ESTAT:TPS00029(1.0),14/04/23 23:00:00,A,GDEATHRT_THSP,ME,2019,10.6,
ESTAT:TPS00029(1.0),14/04/23 23:00:00,A,GDEATHRT_THSP,ME,2020,11.7,
ESTAT:TPS00029(1.0),14/04/23 23:00:00,A,GDEATHRT_THSP,ME,2021,14.8,
ESTAT:TPS00029(1.0),14/04/23 23:00:00,A,GDEATHRT_THSP,MK,2010,9.3,
ESTAT:TPS00029(1.0),14/04/23 23:00:00,A,GDEATHRT_THSP,MK,2011,9.5,
ESTAT:TPS00029(1.0),14/04/23 23:00:00,A,GDEATHRT_THSP,MK,2012,9.8,
ESTAT:TPS00029(1.0),14/04/23 23:00:00,A,GDEATHRT_THSP,MK,2013,9.3,
ESTAT:TPS00029(1.0),14/04/23 23:00:00,A,GDEATHRT_THSP,MK,2014,9.5,
ESTAT:TPS00029(1.0),14/04/23 23:00:00,A,GDEATHRT_THSP,MK,2015,9.9,
ESTAT:TPS00029(1.0),14/04/23 23:00:00,A,GDEATHRT_THSP,MK,2016,9.9,
ESTAT:TPS00029(1.0),14/04/23 23:00:00,A,GDEATHRT_THSP,MK,2017,9.8,
ESTAT:TPS00029(1.0),14/04/23 23:00:00,A,GDEATHRT_THSP,MK,2018,9.5,
ESTAT:TPS00029(1.0),14/04/23 23:00:00,A,GDEATHRT_THSP,MK,2019,9.8,
ESTAT:TPS00029(1.0),14/04/23 23:00:00,A,GDEATHRT_THSP,MK,2020,12.4,
ESTAT:TPS00029(1.0),14/04/23 23:00:00,A,GDEATHRT_THSP,MK,2021,14.6,
ESTAT:TPS00029(1.0),14/04/23 23:00:00,A,GDEATHRT_THSP,MT,2010,7.3,
ESTAT:TPS00029(1.0),14/04/23 23:00:00,A,GDEATHRT_THSP,MT,2011,7.8,
ESTAT:TPS00029(1.0),14/04/23 23:00:00,A,GDEATHRT_THSP,MT,2012,8.1,
ESTAT:TPS00029(1.0),14/04/23 23:00:00,A,GDEATHRT_THSP,MT,2013,7.6,
ESTAT:TPS00029(1.0),14/04/23 23:00:00,A,GDEATHRT_THSP,MT,2014,7.5,
ESTAT:TPS00029(1.0),14/04/23 23:00:00,A,GDEATHRT_THSP,MT,2015,7.7,
ESTAT:TPS00029(1.0),14/04/23 23:00:00,A,GDEATHRT_THSP,MT,2016,7.3,
ESTAT:TPS00029(1.0),14/04/23 23:00:00,A,GDEATHRT_THSP,MT,2017,7.6,
ESTAT:TPS00029(1.0),14/04/23 23:00:00,A,GDEATHRT_THSP,MT,2018,7.6,
ESTAT:TPS00029(1.0),14/04/23 23:00:00,A,GDEATHRT_THSP,MT,2019,7.3,
ESTAT:TPS00029(1.0),14/04/23 23:00:00,A,GDEATHRT_THSP,MT,2020,7.9,
ESTAT:TPS00029(1.0),14/04/23 23:00:00,A,GDEATHRT_THSP,MT,2021,8.0,
ESTAT:TPS00029(1.0),14/04/23 23:00:00,A,GDEATHRT_THSP,NL,2010,8.2,
ESTAT:TPS00029(1.0),14/04/23 23:00:00,A,GDEATHRT_THSP,NL,2011,8.1,
ESTAT:TPS00029(1.0),14/04/23 23:00:00,A,GDEATHRT_THSP,NL,2012,8.4,
ESTAT:TPS00029(1.0),14/04/23 23:00:00,A,GDEATHRT_THSP,NL,2013,8.4,
ESTAT:TPS00029(1.0),14/04/23 23:00:00,A,GDEATHRT_THSP,NL,2014,8.3,
ESTAT:TPS00029(1.0),14/04/23 23:00:00,A,GDEATHRT_THSP,NL,2015,8.7,
ESTAT:TPS00029(1.0),14/04/23 23:00:00,A,GDEATHRT_THSP,NL,2016,8.7,
ESTAT:TPS00029(1.0),14/04/23 23:00:00,A,GDEATHRT_THSP,NL,2017,8.8,
ESTAT:TPS00029(1.0),14/04/23 23:00:00,A,GDEATHRT_THSP,NL,2018,8.9,
ESTAT:TPS00029(1.0),14/04/23 23:00:00,A,GDEATHRT_THSP,NL,2019,8.8,
ESTAT:TPS00029(1.0),14/04/23 23:00:00,A,GDEATHRT_THSP,NL,2020,9.7,
ESTAT:TPS00029(1.0),14/04/23 23:00:00,A,GDEATHRT_THSP,NL,2021,9.8,
ESTAT:TPS00029(1.0),14/04/23 23:00:00,A,GDEATHRT_THSP,NO,2010,8.5,
ESTAT:TPS00029(1.0),14/04/23 23:00:00,A,GDEATHRT_THSP,NO,2011,8.4,
ESTAT:TPS00029(1.0),14/04/23 23:00:00,A,GDEATHRT_THSP,NO,2012,8.4,
ESTAT:TPS00029(1.0),14/04/23 23:00:00,A,GDEATHRT_THSP,NO,2013,8.1,
ESTAT:TPS00029(1.0),14/04/23 23:00:00,A,GDEATHRT_THSP,NO,2014,7.9,
ESTAT:TPS00029(1.0),14/04/23 23:00:00,A,GDEATHRT_THSP,NO,2015,7.8,
ESTAT:TPS00029(1.0),14/04/23 23:00:00,A,GDEATHRT_THSP,NO,2016,7.8,
ESTAT:TPS00029(1.0),14/04/23 23:00:00,A,GDEATHRT_THSP,NO,2017,7.7,
ESTAT:TPS00029(1.0),14/04/23 23:00:00,A,GDEATHRT_THSP,NO,2018,7.7,
ESTAT:TPS00029(1.0),14/04/23 23:00:00,A,GDEATHRT_THSP,NO,2019,7.6,
ESTAT:TPS00029(1.0),14/04/23 23:00:00,A,GDEATHRT_THSP,NO,2020,7.5,
ESTAT:TPS00029(1.0),14/04/23 23:00:00,A,GDEATHRT_THSP,NO,2021,7.8,
ESTAT:TPS00029(1.0),14/04/23 23:00:00,A,GDEATHRT_THSP,PL,2010,9.9,b
ESTAT:TPS00029(1.0),14/04/23 23:00:00,A,GDEATHRT_THSP,PL,2011,9.9,
ESTAT:TPS00029(1.0),14/04/23 23:00:00,A,GDEATHRT_THSP,PL,2012,10.1,
ESTAT:TPS00029(1.0),14/04/23 23:00:00,A,GDEATHRT_THSP,PL,2013,10.2,
ESTAT:TPS00029(1.0),14/04/23 23:00:00,A,GDEATHRT_THSP,PL,2014,9.9,
ESTAT:TPS00029(1.0),14/04/23 23:00:00,A,GDEATHRT_THSP,PL,2015,10.4,
ESTAT:TPS00029(1.0),14/04/23 23:00:00,A,GDEATHRT_THSP,PL,2016,10.2,
ESTAT:TPS00029(1.0),14/04/23 23:00:00,A,GDEATHRT_THSP,PL,2017,10.6,
ESTAT:TPS00029(1.0),14/04/23 23:00:00,A,GDEATHRT_THSP,PL,2018,10.9,e
ESTAT:TPS00029(1.0),14/04/23 23:00:00,A,GDEATHRT_THSP,PL,2019,10.8,e
ESTAT:TPS00029(1.0),14/04/23 23:00:00,A,GDEATHRT_THSP,PL,2020,12.6,ep
ESTAT:TPS00029(1.0),14/04/23 23:00:00,A,GDEATHRT_THSP,PL,2021,13.8,ep
ESTAT:TPS00029(1.0),14/04/23 23:00:00,A,GDEATHRT_THSP,PT,2010,10.0,
ESTAT:TPS00029(1.0),14/04/23 23:00:00,A,GDEATHRT_THSP,PT,2011,9.7,
ESTAT:TPS00029(1.0),14/04/23 23:00:00,A,GDEATHRT_THSP,PT,2012,10.2,
ESTAT:TPS00029(1.0),14/04/23 23:00:00,A,GDEATHRT_THSP,PT,2013,10.2,
ESTAT:TPS00029(1.0),14/04/23 23:00:00,A,GDEATHRT_THSP,PT,2014,10.1,
ESTAT:TPS00029(1.0),14/04/23 23:00:00,A,GDEATHRT_THSP,PT,2015,10.5,
ESTAT:TPS00029(1.0),14/04/23 23:00:00,A,GDEATHRT_THSP,PT,2016,10.7,
ESTAT:TPS00029(1.0),14/04/23 23:00:00,A,GDEATHRT_THSP,PT,2017,10.7,
ESTAT:TPS00029(1.0),14/04/23 23:00:00,A,GDEATHRT_THSP,PT,2018,11.0,
ESTAT:TPS00029(1.0),14/04/23 23:00:00,A,GDEATHRT_THSP,PT,2019,10.9,
ESTAT:TPS00029(1.0),14/04/23 23:00:00,A,GDEATHRT_THSP,PT,2020,12.0,
ESTAT:TPS00029(1.0),14/04/23 23:00:00,A,GDEATHRT_THSP,PT,2021,12.0,bp
ESTAT:TPS00029(1.0),14/04/23 23:00:00,A,GDEATHRT_THSP,RO,2010,12.8,
ESTAT:TPS00029(1.0),14/04/23 23:00:00,A,GDEATHRT_THSP,RO,2011,12.5,
ESTAT:TPS00029(1.0),14/04/23 23:00:00,A,GDEATHRT_THSP,RO,2012,12.7,
ESTAT:TPS00029(1.0),14/04/23 23:00:00,A,GDEATHRT_THSP,RO,2013,12.4,
ESTAT:TPS00029(1.0),14/04/23 23:00:00,A,GDEATHRT_THSP,RO,2014,12.8,
ESTAT:TPS00029(1.0),14/04/23 23:00:00,A,GDEATHRT_THSP,RO,2015,13.2,
ESTAT:TPS00029(1.0),14/04/23 23:00:00,A,GDEATHRT_THSP,RO,2016,13.1,
ESTAT:TPS00029(1.0),14/04/23 23:00:00,A,GDEATHRT_THSP,RO,2017,13.4,
ESTAT:TPS00029(1.0),14/04/23 23:00:00,A,GDEATHRT_THSP,RO,2018,13.6,
ESTAT:TPS00029(1.0),14/04/23 23:00:00,A,GDEATHRT_THSP,RO,2019,13.4,e
ESTAT:TPS00029(1.0),14/04/23 23:00:00,A,GDEATHRT_THSP,RO,2020,15.5,e
ESTAT:TPS00029(1.0),14/04/23 23:00:00,A,GDEATHRT_THSP,RO,2021,17.5,e
ESTAT:TPS00029(1.0),14/04/23 23:00:00,A,GDEATHRT_THSP,RS,2010,14.2,
ESTAT:TPS00029(1.0),14/04/23 23:00:00,A,GDEATHRT_THSP,RS,2011,14.2,b
ESTAT:TPS00029(1.0),14/04/23 23:00:00,A,GDEATHRT_THSP,RS,2012,14.2,
ESTAT:TPS00029(1.0),14/04/23 23:00:00,A,GDEATHRT_THSP,RS,2013,14.0,
ESTAT:TPS00029(1.0),14/04/23 23:00:00,A,GDEATHRT_THSP,RS,2014,14.2,
ESTAT:TPS00029(1.0),14/04/23 23:00:00,A,GDEATHRT_THSP,RS,2015,14.6,
ESTAT:TPS00029(1.0),14/04/23 23:00:00,A,GDEATHRT_THSP,RS,2016,14.3,
ESTAT:TPS00029(1.0),14/04/23 23:00:00,A,GDEATHRT_THSP,RS,2017,14.8,
ESTAT:TPS00029(1.0),14/04/23 23:00:00,A,GDEATHRT_THSP,RS,2018,14.6,
ESTAT:TPS00029(1.0),14/04/23 23:00:00,A,GDEATHRT_THSP,RS,2019,14.6,
ESTAT:TPS00029(1.0),14/04/23 23:00:00,A,GDEATHRT_THSP,RS,2020,16.9,
ESTAT:TPS00029(1.0),14/04/23 23:00:00,A,GDEATHRT_THSP,RS,2021,20.0,
ESTAT:TPS00029(1.0),14/04/23 23:00:00,A,GDEATHRT_THSP,RU,2010,14.2,
ESTAT:TPS00029(1.0),14/04/23 23:00:00,A,GDEATHRT_THSP,RU,2011,13.5,
ESTAT:TPS00029(1.0),14/04/23 23:00:00,A,GDEATHRT_THSP,SE,2010,9.6,
ESTAT:TPS00029(1.0),14/04/23 23:00:00,A,GDEATHRT_THSP,SE,2011,9.5,
ESTAT:TPS00029(1.0),14/04/23 23:00:00,A,GDEATHRT_THSP,SE,2012,9.7,
ESTAT:TPS00029(1.0),14/04/23 23:00:00,A,GDEATHRT_THSP,SE,2013,9.4,
ESTAT:TPS00029(1.0),14/04/23 23:00:00,A,GDEATHRT_THSP,SE,2014,9.2,
ESTAT:TPS00029(1.0),14/04/23 23:00:00,A,GDEATHRT_THSP,SE,2015,9.3,
ESTAT:TPS00029(1.0),14/04/23 23:00:00,A,GDEATHRT_THSP,SE,2016,9.2,
ESTAT:TPS00029(1.0),14/04/23 23:00:00,A,GDEATHRT_THSP,SE,2017,9.1,
ESTAT:TPS00029(1.0),14/04/23 23:00:00,A,GDEATHRT_THSP,SE,2018,9.1,
ESTAT:TPS00029(1.0),14/04/23 23:00:00,A,GDEATHRT_THSP,SE,2019,8.6,
ESTAT:TPS00029(1.0),14/04/23 23:00:00,A,GDEATHRT_THSP,SE,2020,9.5,
ESTAT:TPS00029(1.0),14/04/23 23:00:00,A,GDEATHRT_THSP,SE,2021,8.8,
ESTAT:TPS00029(1.0),14/04/23 23:00:00,A,GDEATHRT_THSP,SI,2010,9.1,
ESTAT:TPS00029(1.0),14/04/23 23:00:00,A,GDEATHRT_THSP,SI,2011,9.1,
ESTAT:TPS00029(1.0),14/04/23 23:00:00,A,GDEATHRT_THSP,SI,2012,9.4,
ESTAT:TPS00029(1.0),14/04/23 23:00:00,A,GDEATHRT_THSP,SI,2013,9.4,
ESTAT:TPS00029(1.0),14/04/23 23:00:00,A,GDEATHRT_THSP,SI,2014,9.2,
ESTAT:TPS00029(1.0),14/04/23 23:00:00,A,GDEATHRT_THSP,SI,2015,9.6,
ESTAT:TPS00029(1.0),14/04/23 23:00:00,A,GDEATHRT_THSP,SI,2016,9.5,
ESTAT:TPS00029(1.0),14/04/23 23:00:00,A,GDEATHRT_THSP,SI,2017,9.9,
ESTAT:TPS00029(1.0),14/04/23 23:00:00,A,GDEATHRT_THSP,SI,2018,9.9,
ESTAT:TPS00029(1.0),14/04/23 23:00:00,A,GDEATHRT_THSP,SI,2019,9.9,
ESTAT:TPS00029(1.0),14/04/23 23:00:00,A,GDEATHRT_THSP,SI,2020,11.4,
ESTAT:TPS00029(1.0),14/04/23 23:00:00,A,GDEATHRT_THSP,SI,2021,11.0,
ESTAT:TPS00029(1.0),14/04/23 23:00:00,A,GDEATHRT_THSP,SK,2010,9.9,
ESTAT:TPS00029(1.0),14/04/23 23:00:00,A,GDEATHRT_THSP,SK,2011,9.6,
ESTAT:TPS00029(1.0),14/04/23 23:00:00,A,GDEATHRT_THSP,SK,2012,9.7,
ESTAT:TPS00029(1.0),14/04/23 23:00:00,A,GDEATHRT_THSP,SK,2013,9.6,
ESTAT:TPS00029(1.0),14/04/23 23:00:00,A,GDEATHRT_THSP,SK,2014,9.5,
ESTAT:TPS00029(1.0),14/04/23 23:00:00,A,GDEATHRT_THSP,SK,2015,9.9,
ESTAT:TPS00029(1.0),14/04/23 23:00:00,A,GDEATHRT_THSP,SK,2016,9.6,
ESTAT:TPS00029(1.0),14/04/23 23:00:00,A,GDEATHRT_THSP,SK,2017,9.9,
ESTAT:TPS00029(1.0),14/04/23 23:00:00,A,GDEATHRT_THSP,SK,2018,10.0,
ESTAT:TPS00029(1.0),14/04/23 23:00:00,A,GDEATHRT_THSP,SK,2019,9.8,
ESTAT:TPS00029(1.0),14/04/23 23:00:00,A,GDEATHRT_THSP,SK,2020,10.8,
ESTAT:TPS00029(1.0),14/04/23 23:00:00,A,GDEATHRT_THSP,SK,2021,13.5,
ESTAT:TPS00029(1.0),14/04/23 23:00:00,A,GDEATHRT_THSP,SM,2011,6.8,
ESTAT:TPS00029(1.0),14/04/23 23:00:00,A,GDEATHRT_THSP,SM,2012,7.1,
ESTAT:TPS00029(1.0),14/04/23 23:00:00,A,GDEATHRT_THSP,SM,2013,7.5,
ESTAT:TPS00029(1.0),14/04/23 23:00:00,A,GDEATHRT_THSP,SM,2014,7.7,
ESTAT:TPS00029(1.0),14/04/23 23:00:00,A,GDEATHRT_THSP,SM,2015,7.1,
ESTAT:TPS00029(1.0),14/04/23 23:00:00,A,GDEATHRT_THSP,SM,2016,7.6,
ESTAT:TPS00029(1.0),14/04/23 23:00:00,A,GDEATHRT_THSP,SM,2017,8.2,
ESTAT:TPS00029(1.0),14/04/23 23:00:00,A,GDEATHRT_THSP,SM,2018,7.1,
ESTAT:TPS00029(1.0),14/04/23 23:00:00,A,GDEATHRT_THSP,SM,2019,7.2,
ESTAT:TPS00029(1.0),14/04/23 23:00:00,A,GDEATHRT_THSP,SM,2021,9.1,
ESTAT:TPS00029(1.0),14/04/23 23:00:00,A,GDEATHRT_THSP,TR,2010,5.0,
ESTAT:TPS00029(1.0),14/04/23 23:00:00,A,GDEATHRT_THSP,TR,2011,5.1,
ESTAT:TPS00029(1.0),14/04/23 23:00:00,A,GDEATHRT_THSP,TR,2012,5.4,
ESTAT:TPS00029(1.0),14/04/23 23:00:00,A,GDEATHRT_THSP,TR,2013,4.9,
ESTAT:TPS00029(1.0),14/04/23 23:00:00,A,GDEATHRT_THSP,TR,2014,5.1,
ESTAT:TPS00029(1.0),14/04/23 23:00:00,A,GDEATHRT_THSP,TR,2015,5.2,
ESTAT:TPS00029(1.0),14/04/23 23:00:00,A,GDEATHRT_THSP,TR,2016,5.3,
ESTAT:TPS00029(1.0),14/04/23 23:00:00,A,GDEATHRT_THSP,TR,2017,5.3,
ESTAT:TPS00029(1.0),14/04/23 23:00:00,A,GDEATHRT_THSP,TR,2018,5.2,be
ESTAT:TPS00029(1.0),14/04/23 23:00:00,A,GDEATHRT_THSP,TR,2019,5.3,be
ESTAT:TPS00029(1.0),14/04/23 23:00:00,A,GDEATHRT_THSP,UA,2010,15.3,
ESTAT:TPS00029(1.0),14/04/23 23:00:00,A,GDEATHRT_THSP,UA,2011,14.6,
ESTAT:TPS00029(1.0),14/04/23 23:00:00,A,GDEATHRT_THSP,UA,2012,14.6,
ESTAT:TPS00029(1.0),14/04/23 23:00:00,A,GDEATHRT_THSP,UA,2013,14.6,
ESTAT:TPS00029(1.0),14/04/23 23:00:00,A,GDEATHRT_THSP,UA,2015,13.9,b
ESTAT:TPS00029(1.0),14/04/23 23:00:00,A,GDEATHRT_THSP,UA,2016,13.7,
ESTAT:TPS00029(1.0),14/04/23 23:00:00,A,GDEATHRT_THSP,UA,2017,13.6,
ESTAT:TPS00029(1.0),14/04/23 23:00:00,A,GDEATHRT_THSP,UA,2018,14.0,
ESTAT:TPS00029(1.0),14/04/23 23:00:00,A,GDEATHRT_THSP,UA,2019,13.9,
ESTAT:TPS00029(1.0),14/04/23 23:00:00,A,GDEATHRT_THSP,UA,2020,14.8,
ESTAT:TPS00029(1.0),14/04/23 23:00:00,A,GDEATHRT_THSP,UA,2021,17.3,e
ESTAT:TPS00029(1.0),14/04/23 23:00:00,A,GDEATHRT_THSP,UK,2010,8.9,
ESTAT:TPS00029(1.0),14/04/23 23:00:00,A,GDEATHRT_THSP,UK,2011,8.7,
ESTAT:TPS00029(1.0),14/04/23 23:00:00,A,GDEATHRT_THSP,UK,2012,8.9,
ESTAT:TPS00029(1.0),14/04/23 23:00:00,A,GDEATHRT_THSP,UK,2013,9.0,
ESTAT:TPS00029(1.0),14/04/23 23:00:00,A,GDEATHRT_THSP,UK,2014,8.8,
ESTAT:TPS00029(1.0),14/04/23 23:00:00,A,GDEATHRT_THSP,UK,2015,9.2,
ESTAT:TPS00029(1.0),14/04/23 23:00:00,A,GDEATHRT_THSP,UK,2016,9.1,
ESTAT:TPS00029(1.0),14/04/23 23:00:00,A,GDEATHRT_THSP,UK,2017,9.2,
ESTAT:TPS00029(1.0),14/04/23 23:00:00,A,GDEATHRT_THSP,UK,2018,9.2,
ESTAT:TPS00029(1.0),14/04/23 23:00:00,A,GDEATHRT_THSP,UK,2019,9.0,p
ESTAT:TPS00029(1.0),14/04/23 23:00:00,A,GDEATHRT_THSP,XK,2010,3.6,b
ESTAT:TPS00029(1.0),14/04/23 23:00:00,A,GDEATHRT_THSP,XK,2011,4.0,b
ESTAT:TPS00029(1.0),14/04/23 23:00:00,A,GDEATHRT_THSP,XK,2012,4.1,e
ESTAT:TPS00029(1.0),14/04/23 23:00:00,A,GDEATHRT_THSP,XK,2013,3.9,e
ESTAT:TPS00029(1.0),14/04/23 23:00:00,A,GDEATHRT_THSP,XK,2014,4.2,e
ESTAT:TPS00029(1.0),14/04/23 23:00:00,A,GDEATHRT_THSP,XK,2015,4.6,e
ESTAT:TPS00029(1.0),14/04/23 23:00:00,A,GDEATHRT_THSP,XK,2016,4.8,e
ESTAT:TPS00029(1.0),14/04/23 23:00:00,A,GDEATHRT_THSP,XK,2017,4.9,e
ESTAT:TPS00029(1.0),14/04/23 23:00:00,A,GDEATHRT_THSP,XK,2018,5.0,
ESTAT:TPS00029(1.0),14/04/23 23:00:00,A,GDEATHRT_THSP,XK,2019,5.3,
ESTAT:TPS00029(1.0),14/04/23 23:00:00,A,GDEATHRT_THSP,XK,2020,8.1,ep
